impresión,impresionación,impression,0
descubrir,descubrir,discover,1
descubra,descubrir,discover,0
descubre,descubrir,discover,0
descubren,descubrir,discover,0
trasladó,traslado,relocated,0
trasladado,traslado,relocated,0
novelistas,novelistas,novelists,1
roosevelt,,roosevelt,0
bailarina,bailarinr,dancer,0
bailarín,bailarinr,dancer,0
fenómeno,fenómena,phenomenon,0
anteproyecto,preliminarea,preliminary,0
preliminar,preliminarea,preliminary,0
preliminares,preliminarea,preliminary,0
reconocen,reconoca,recognize,0
reconoce,reconoca,recognize,0
reconoces,reconoca,recognize,0
reconocer,reconoca,recognize,0
anclaje,anclar,anchor,0
ancla,anclar,anchor,0
anclas,anclar,anchor,0
discutiendo,argumentndo,arguing,0
habilidades,habilidads,abilities,0
capacidades,habilidads,abilities,0
procedimientos,procedimientos,procedures,1
emocional,ao,emotional,0
emocionales,ao,emotional,0
emotivo,ao,emotional,0
maderas,maderar,timber,0
madera,maderar,timber,0
fisher,pescao,fisher,0
pescador,pescao,fisher,0
prod,proa,prod,0
caricatura,caricatura,cartoon,1
trastorno,trastornr,disorder,0
desorden,trastornr,disorder,0
huido,plando,fled,0
huyó,plando,fled,0
huyeron,plando,fled,0
exigencias,demandas,demands,0
demandas,demandas,demands,1
lituania,lituana,lithuania,0
continente,continento,continent,0
compañerismo,fompañerismo,fellowship,0
lock,ado,lock,0
bloqueo,ado,lock,0
cerradura,ado,lock,0
candado,ado,lock,0
relegado,relegado,relegated,1
imaginado,fotdo,pictured,0
imaginé,fotdo,pictured,0
recurrente,recurrendo,recurring,0
recurrentes,recurrendo,recurring,0
sinopsis,sinopsia,overview,0
adinerado,ra,wealthy,0
ricos,ra,wealthy,0
adquisición,ca,acquisition,0
captación,ca,acquisition,0
eva,ava,eve,0
eve,ava,eve,0
víspera,ava,eve,0
filtro,archiva,filter,0
filtrar,archiva,filter,0
domicilios,domicilis,addresses,0
direcciones,domicilis,addresses,0
direccion,domicilis,addresses,0
independientemente,independientemente,independently,1
eslovenia,eslovenia,slovenia,1
observación,observaa,observation,0
desafiado,redo,challenged,0
desafió,redo,challenged,0
amenaza,amenazas,threats,0
amenazas,amenazas,threats,1
caído,caída,fallen,0
caido,caída,fallen,0
caídos,caída,fallen,0
protocolos,protocoloa,protocol,0
protocolo,protocoloa,protocol,0
sentencia,sentencio,judgment,0
juicio,sentencio,judgment,0
grammy,grama,grammy,0
colores,colors,colours,0
colorantes,colors,colours,0
distintiva,distintiva,distinctive,1
distintivos,distintiva,distinctive,0
distintivas,distintiva,distinctive,0
distintivo,distintiva,distinctive,0
oponerse,opuestndo,opposing,0
oponiéndose,opuestndo,opposing,0
opuestas,opuestndo,opposing,0
hito,hita,landmark,0
paquete,bulta,package,0
bulto,bulta,package,0
mandos,controls,controls,0
controles,controls,controls,0
controla,controls,controls,0
completar,completando,completing,0
completando,completando,completing,1
sabha,,sabha,0
prisionera,presr,prisoner,0
prisioneros,presr,prisoner,0
preso,presr,prisoner,0
prisionero,presr,prisoner,0
señales,señals,signals,0
owen,aa,owen,0
cápita,cápita,capita,1
inaugural,,inaugural,0
intervenciones,intervenciones,intervention,1
intervención,intervenciones,intervention,0
llegando,llegando,arriving,1
llegar,llegando,arriving,0
cilindro,cilindror,cylinder,0
cilindros,cilindror,cylinder,0
décima,oo,tenth,0
décimo,oo,tenth,0
liu,viu,liu,0
probada,ensaydo,tested,0
probados,ensaydo,tested,0
probado,ensaydo,tested,0
renombrada,renombrado,renowned,0
renombrado,renombrado,renowned,1
tiendas,tiendas,shops,1
comercios,tiendas,shops,0
dome,dominia,dome,0
cúpula,dominia,dome,0
domo,dominia,dome,0
filósofo,filósofr,philosopher,0
epic,apico,epic,0
épica,apico,epic,0
épico,apico,epic,0
tallo,so,stem,0
especificó,especdo,specified,0
especificada,especdo,specified,0
especificado,especdo,specified,0
especificados,especdo,specified,0
davies,joss,davies,0
colapso,colapsa,collapse,0
desplome,colapsa,collapse,0
derrumbe,colapsa,collapse,0
allan,alestierr,allan,0
albanés,albanesa,albanian,0
albaneses,albanesa,albanian,0
canyon,caña,canyon,0
cañón,caña,canyon,0
cañon,caña,canyon,0
muestras,ss,samples,0
percibidas,percibidos,perceived,0
percibida,percibidos,perceived,0
percibido,percibidos,perceived,0
percibidos,percibidos,perceived,1
celebridades,famosa,celebrity,0
famosos,famosa,celebrity,0
famoso,famosa,celebrity,0
celebridad,famosa,celebrity,0
sacerdotes,cs,priests,0
curas,cs,priests,0
luisa,luisa,louise,1
louise,luisa,louise,0
talleres,tallerep,workshop,0
taller,tallerep,workshop,0
workshop,tallerep,workshop,0
herzegovina,,herzegovina,0
claudia,claudia,claude,1
claude,claudia,claude,0
claudio,claudia,claude,0
fortuna,fortuna,fortune,1
fortune,fortuna,fortune,0
barras,barrs,bars,0
rejas,barrs,bars,0
bares,barrs,bars,0
cornualles,cornuallea,cornwall,0
cornwall,cornuallea,cornwall,0
palmer,palmao,palmer,0
presidencia,presidencia,presidency,1
pequeño,tína,tiny,0
peque,tína,tiny,0
tiny,tína,tiny,0
apelaciones,llamamients,appeals,0
llamamientos,llamamients,appeals,0
apelación,llamamients,appeals,0
estambul,istambul,istanbul,0
novata,novata,rookie,1
novato,novata,rookie,0
ampliando,expandindo,expanding,0
expansión,expandindo,expanding,0
expandiendo,expandindo,expanding,0
calgary,,calgary,0
conmoción,smoción,shock,0
shock,smoción,shock,0
choque,smoción,shock,0
stevens,albertos,stevens,0
empleada,empleada,employee,1
empleados,empleada,employee,0
trabajador,empleada,employee,0
asalariado,empleada,employee,0
empleado,empleada,employee,0
yang,aáng,yang,0
alojados,casdo,housed,0
tumba,oa,tomb,0
sepulcro,oa,tomb,0
ganando,ando,earning,0
innovación,innovción,innovation,0
innovaciones,innovción,innovation,0
arroyos,arroyos,streams,1
unity,unidada,unity,0
unidad,unidada,unity,0
lucas,lucpregunt,lucas,0
crece,cs,grows,0
armenia,armena,armenia,0
intercambio,intercambi,interchange,0
proteínas,proteínas,proteins,1
proposiciones,propuestas,proposals,0
propuestas,propuestas,proposals,1
nadadores,nadores,swimmers,0
continente,continenta,mainland,0
seminario,seminario,seminary,1
aldea,aldeo,hamlet,0
hamlet,aldeo,hamlet,0
cronología,cronología,timeline,1
biografía,cronología,timeline,0
golpe,corp,coup,0
newport,novedadporte,newport,0
negociaciones,negociaciones,negotiations,1
exposiciones,exhibis,exhibitions,0
exhibiciones,exhibis,exhibitions,0
malta,maetiquet,malta,0
odiar,gorraa,hate,0
odio,gorraa,hate,0
westminster,,westminster,0
instalación,montaja,installation,0
montaje,montaja,installation,0
entra,entrs,enters,0
portero,oo,goalkeeper,0
arquero,oo,goalkeeper,0
julián,julian,julian,0
julian,julian,julian,1
marruecos,marruecos,morocco,1
eficiencia,eficacia,efficiency,0
eficacia,eficacia,efficiency,1
capítulos,capítulos,chapters,1
abordo,atabler,aboard,0
bordo,atabler,aboard,0
helicóptero,helicópteror,helicopter,0
helicópteros,helicópteror,helicopter,0
fortaleza,fortalezs,fortress,0
ani,aboni,ani,0
quemada,quemado,burned,0
quemado,quemado,burned,1
quemadas,quemado,burned,0
quemados,quemado,burned,0
pantallas,exs,displays,0
expositores,exs,displays,0
compilado,recopilado,compiled,0
recopilado,recopilado,compiled,1
compilados,recopilado,compiled,0
ips,es,ips,0
contribuyentes,contribuyentes,contributors,1
colaboradores,contribuyentes,contributors,0
torpedo,torpedoo,torpedo,0
torpedos,torpedoo,torpedo,0
giovanni,,giovanni,0
chatear,caro,chat,0
charlar,caro,chat,0
chat,caro,chat,0
charla,caro,chat,0
católicos,católics,catholics,0
herald,heralda,herald,0
heraldo,heralda,herald,0
chuck,,chuck,0
foso,pio,pit,0
fosa,pio,pit,0
pit,pio,pit,0
pozo,pio,pit,0
hoyo,pio,pit,0
suministrada,suministdo,supplied,0
suministrado,suministdo,supplied,0
suministrados,suministdo,supplied,0
opcionales,facultativa,optional,0
optativo,facultativa,optional,0
opcional,facultativa,optional,0
facultativo,facultativa,optional,0
escritorio,desa,desk,0
guarnición,guarnicia,garrison,0
garrison,guarnicia,garrison,0
sprint,simpres,sprint,0
exiliado,exilia,exile,0
exilio,exilia,exile,0
destierro,exilia,exile,0
sorprendidos,sorpredo,surprised,0
sorprendido,sorpredo,surprised,0
sorprendida,sorpredo,surprised,0
logros,logrs,achievements,0
realizaciones,logrs,achievements,0
bíblico,bíblica,biblical,0
bíblica,bíblica,biblical,1
bíblicos,bíblica,biblical,0
rebeldes,rebeldes,rebels,1
dionisio,negs,denis,0
denis,negs,denis,0
geográficos,geográficales,geographical,0
geográfico,geográficales,geographical,0
geográfica,geográficales,geographical,0
geográficas,geográficales,geographical,0
sentarse,sita,sit,0
alpes,alpa,alpine,0
alpina,alpa,alpine,0
alpino,alpa,alpine,0
facturas,facturas,bills,1
glaciar,glaciar,glacier,1
encuadernación,bncuadernación,binding,0
vinculante,bncuadernación,binding,0
indicando,indicando,indicating,1
estonia,estona,estonia,0
comiendo,aiendo,eating,0
comer,aiendo,eating,0
ahorrar,sr,saving,0
guardando,sr,saving,0
ahorrando,sr,saving,0
ahorro,sr,saving,0
chi,cé,chi,0
ji,cé,chi,0
promotor,aevelador,developer,0
revelador,aevelador,developer,0
desarrolladores,aevelador,developer,0
desarrollador,aevelador,developer,0
indie,india,indie,0
dificultad,dificultades,difficulties,0
dificultades,dificultades,difficulties,1
doctrina,doctrina,doctrine,1
usado,trabaja,worn,0
bifurcación,fora,fork,0
horquilla,fora,fork,0
tenedor,fora,fork,0
simpson,simplhijo,simpson,0
manteniendo,mantenndo,maintaining,0
teología,teología,theological,1
teológica,teología,theological,0
próximas,próximamendo,upcoming,0
próximo,próximamendo,upcoming,0
próximamente,próximamendo,upcoming,0
próximos,próximamendo,upcoming,0
vocalista,vocalista,vocalist,1
temporalmente,temporamente,temporarily,0
hoteles,hotels,hotels,0
edmonton,,edmonton,0
desarrollos,desarrolls,developments,0
evolución,desarrolls,developments,0
acontecimientos,desarrolls,developments,0
alfabetización,alfabetizacióa,literacy,0
divisa,divisaa,currency,0
moneda,divisaa,currency,0
divisas,divisaa,currency,0
misioneros,misionera,missionary,0
misionero,misionera,missionary,0
misionera,misionera,missionary,1
llega,llegs,arrives,0
martillo,martillr,hammer,0
hammer,martillr,hammer,0
dólar,dolar,dollar,0
dolar,dolar,dollar,1
embajadores,embajadors,ambassadors,0
twitter,,twitter,0
centros,centros,centres,1
salomón,salomón,solomon,1
recomendamos,recomendaa,recommend,0
recomendar,recomendaa,recommend,0
recomiendo,recomendaa,recommend,0
recomienda,recomendaa,recommend,0
recomendado,recomendaa,recommend,0
descendientes,descendientes,descendants,1
descendencia,descendientes,descendants,0
ruth,corre,ruth,0
manejo,manejndo,handling,0
manejando,manejndo,handling,0
manipulación,manejndo,handling,0
aduana,clients,customs,0
aduanera,clients,customs,0
aduanas,clients,customs,0
costumbres,clients,customs,0
colecciona,recogo,collect,0
recopila,recogo,collect,0
recoger,recogo,collect,0
grid,rejilla,grid,0
rejilla,rejilla,grid,1
red,rejilla,grid,0
cuadrícula,rejilla,grid,0
asegurada,asegurado,secured,0
asegurado,asegurado,secured,1
certificado,certificaa,certificate,0
destino,destinoa,destination,0
destinos,destinoa,destination,0
albania,albanea,albania,0
indias,indis,indies,0
eurocopa,euroo,euro,0
euro,euroo,euro,0
euros,euroo,euro,0
consumos,consumoa,consumption,0
consumo,consumoa,consumption,0
hazaña,temo,feat,0
proeza,temo,feat,0
empujando,empujndo,pushing,0
empujar,empujndo,pushing,0
constantemente,constantemente,constantly,1
sobrevivientes,sobrevivients,survivors,0
sobreviviente,sobrevivients,survivors,0
supervivientes,sobrevivients,survivors,0
mansión,mansión,mansion,1
cardiff,cardi,cardiff,0
templos,templs,temples,0
blake,blag,blake,0
hoja,chapao,sheet,0
chapa,chapao,sheet,0
chapas,chapao,sheet,0
sábana,chapao,sheet,0
levantar,levanto,lift,0
ascensor,levanto,lift,0
confianza,confianza,confidence,1
cocina,cocina,cuisine,1
gastronomía,cocina,cuisine,0
frankfurt,,frankfurt,0
francfort,,frankfurt,0
fráncfort,,frankfurt,0
galaxy,galaxia,galaxy,0
galaxia,galaxia,galaxy,1
ecuador,,ecuador,0
cría,reproducndo,breeding,0
reproductores,reproducndo,breeding,0
crianza,reproducndo,breeding,0
reproducción,reproducndo,breeding,0
brote,broa,outbreak,0
legendario,legendaria,legendary,0
legendaria,legendaria,legendary,1
legendarios,legendaria,legendary,0
balonmano,balonmana,handball,0
georgiano,georgiaa,georgian,0
georgianos,georgiaa,georgian,0
copenhague,copenhague,copenhagen,1
trek,arboa,trek,0
ignorado,ignorado,ignored,1
ignorados,ignorado,ignored,0
ignorada,ignorado,ignored,0
arco,aro,arch,0
arch,aro,arch,0
keys,tecls,keys,0
teclas,tecls,keys,0
llaves,tecls,keys,0
cayos,tecls,keys,0
claves,tecls,keys,0
procedimientos,procedimientos,proceedings,1
disfrute,disfruta,enjoy,0
enjoy,disfruta,enjoy,0
disfruten,disfruta,enjoy,0
disfruta,disfruta,enjoy,1
disfrutar,disfruta,enjoy,0
cuarteto,cuarto,quartet,0
objetivos,finalidads,aims,0
finalidades,finalidads,aims,0
propaganda,,propaganda,0
disco,ao,disk,0
gracioso,divertia,funny,0
curioso,divertia,funny,0
chistoso,divertia,funny,0
funny,divertia,funny,0
divertido,divertia,funny,0
castigos,castigo,punishment,0
castigo,castigo,punishment,1
precisión,axactitud,accuracy,0
exactitud,axactitud,accuracy,0
medidor,metros,meter,0
metros,metros,meter,1
teórica,teórica,theoretical,1
teórico,teórica,theoretical,0
teóricos,teórica,theoretical,0
teóricas,teórica,theoretical,0
suspensiones,suspensión,suspension,0
suspensión,suspensión,suspension,1
graduación,graduación,graduation,1
volaron,planó,flew,0
voló,planó,flew,0
semilla,semillas,seeds,0
semillas,semillas,seeds,1
iluminación,alumbradndo,lighting,0
alumbrado,alumbradndo,lighting,0
jennifer,,jennifer,0
suave,so,smooth,0
liso,so,smooth,0
clienta,cliente,customer,0
cliente,cliente,customer,1
clientes,cliente,customer,0
armstrong,armadfuerte,armstrong,0
sudoeste,sudoesta,southwestern,0
suroeste,sudoesta,southwestern,0
involucrar,involucraa,involve,0
involucra,involucraa,involve,0
implicar,involucraa,involve,0
involucran,involucraa,involve,0
filosófica,filosófica,philosophical,1
filosófico,filosófica,philosophical,0
filosóficas,filosófica,philosophical,0
escapó,escapdo,escaped,0
escapo,escapdo,escaped,0
escapado,escapdo,escaped,0
powell,popoz,powell,0
mata,mats,kills,0
degustar,oo,taste,0
sabor,oo,taste,0
gusto,oo,taste,0
gustos,oo,taste,0
allmusic,amusic,allmusic,0
requiriendo,requerindo,requiring,0
bros,ros,bros,0
afirmación,afirmación,assertion,1
boulevard,bulevaa,boulevard,0
bulevar,bulevaa,boulevard,0
noreste,noreste,northeastern,1
arroyos,arroyos,brooks,1
brooks,arroyos,brooks,0
enviando,sndo,sending,0
atómicos,aómico,atomic,0
atómica,aómico,atomic,0
atómico,aómico,atomic,0
atómicas,aómico,atomic,0
antártica,antártica,antarctica,1
antártida,antártica,antarctica,0
huelgas,huelgas,strikes,1
reconstrucción,reconstrucción,reconstruction,1
chronicle,crónica,chronicle,0
crónica,crónica,chronicle,1
viajando,viajndo,traveling,0
viajar,viajndo,traveling,0
leslie,aless,leslie,0
ellis,nist,ellis,0
devon,devoa,devon,0
ghana,,ghana,0
gen,dada,gen,0
rebeldes,rec,rebel,0
rebelde,rec,rebel,0
duncan,,duncan,0
pianista,pianista,pianist,1
canon,puedeón,canon,0
reformado,reformado,reformed,1
reformada,reformado,reformed,0
envase,pta,pack,0
paquete,pta,pack,0
manada,pta,pack,0
pack,pta,pack,0
islandia,islandia,iceland,1
resolverlo,sar,solve,0
resuelva,sar,solve,0
solucionar,sar,solve,0
resolver,sar,solve,0
resuelve,sar,solve,0
ciclistas,ciclistas,cyclists,1
pagos,pao,payment,0
pago,pao,payment,0
suburbios,suburbios,suburbs,1
periferia,suburbios,suburbs,0
milicianos,milicia,militia,0
milicia,milicia,militia,1
milicias,milicia,militia,0
pronunciado,pronunciado,pronounced,1
pronunciados,pronunciado,pronounced,0
pronunciada,pronunciado,pronounced,0
exponer,exo,exhibit,0
exhibición,exo,exhibit,0
exposición,exo,exhibit,0
mph,mdoctorado,mph,0
glen,oada,glen,0
cañada,oada,glen,0
eugene,eugenia,eugene,0
eugenio,eugenia,eugene,0
compromiso,compromisa,compromise,0
táctico,oácticos,tactical,0
tácticas,oácticos,tactical,0
tácticos,oácticos,tactical,0
táctica,oácticos,tactical,0
descubre,descubrs,discovers,0
uganda,,uganda,0
carcel,jola,jail,0
cárcel,jola,jail,0
prisión,jola,jail,0
si,aa,yeah,0
sii,aa,yeah,0
sí,aa,yeah,0
yeah,aa,yeah,0
retira,retiraa,withdraw,0
retirada,retiraa,withdraw,0
retirar,retiraa,withdraw,0
retirarse,retiraa,withdraw,0
holmes,hues,holmes,0
prometido,prometa,promise,0
prometer,prometa,promise,0
promesas,prometa,promise,0
promesa,prometa,promise,0
prometen,prometa,promise,0
ofertas,tratos,deals,0
convertir,convertio,convert,0
convierta,convertio,convert,0
dos,dos,dos,1
tarde,tardea,afternoon,0
tardes,tardea,afternoon,0
recordar,rellam,recall,0
llegan,llegaa,arrive,0
llegar,llegaa,arrive,0
guerrero,guerrerr,warrior,0
guerrera,guerrerr,warrior,0
mamíferos,mamíferos,mammals,1
dimensiones,dimensis,dimensions,0
surrey,,surrey,0
videojuegos,juegndo,gaming,0
juego,juegndo,gaming,0
juegos,juegndo,gaming,0
luterana,luterana,lutheran,1
puertos,portes,ports,0
amy,ami,amy,0
supervivencia,sobreviviales,survival,0
sobrevivencia,sobreviviales,survival,0
sobrevivir,sobreviviales,survival,0
respuestas,respuestas,responses,1
colegial,colegia,collegiate,0
colegiado,colegia,collegiate,0
escándalo,escándala,scandal,0
viuda,amplia,widow,0
balanceo,sala,swing,0
columpio,sala,swing,0
swing,sala,swing,0
nights,noches,nights,0
noches,noches,nights,1
polo,polo,polo,1
linda,linedi,linda,0
adr,adr,adr,1
consisten,consistio,consist,0
consistir,consistio,consist,0
probabilidades,probabilidadea,probability,0
probabilidad,probabilidadea,probability,0
explotaciones,agricults,farms,0
granjas,agricults,farms,0
fincas,agricults,farms,0
congresos,conferencias,conferences,0
conferencias,conferencias,conferences,1
zhang,,zhang,0
crazy,loca,crazy,0
loca,loca,crazy,1
loco,loca,crazy,0
locura,loca,crazy,0
locos,loca,crazy,0
testigo,testigs,witness,0
testigos,testigs,witness,0
testimonio,testigs,witness,0
sobrino,sobrina,nephew,0
sensible,sensiblea,sensitive,0
sensibles,sensiblea,sensitive,0
mutuos,mutua,mutual,0
mutuo,mutua,mutual,0
mutua,mutua,mutual,1
mutuas,mutua,mutual,0
dieta,muo,diet,0
dietética,muo,diet,0
clientes,clientess,clients,0
marginal,marginaa,fringe,0
fringe,marginaa,fringe,0
pasión,pasción,passion,0
pasion,pasción,passion,0
anillos,ntes,rings,0
millones,millons,millions,0
dialecto,dilec,dialect,0
orlando,,orlando,0
relevo,rela,relay,0
relé,rela,relay,0
retransmisión,rela,relay,0
mojados,húmedo,wet,0
húmedo,húmedo,wet,1
mojado,húmedo,wet,0
mojada,húmedo,wet,0
húmeda,húmedo,wet,0
cruceros,cruceroa,cruise,0
crucero,cruceroa,cruise,0
enrique,enriqui,henri,0
henri,enriqui,henri,0
publico,publica,publish,0
publicar,publica,publish,0
publique,publica,publish,0
joy,trabaja,joy,0
alegria,trabaja,joy,0
alegría,trabaja,joy,0
gozo,trabaja,joy,0
julia,julia,julia,1
cocina,cocina,kitchen,1
abstracto,abstracto,abstract,1
abstractos,abstracto,abstract,0
resumen,abstracto,abstract,0
abstracta,abstracto,abstract,0
culebra,sdesnud,snake,0
víbora,sdesnud,snake,0
snake,sdesnud,snake,0
serpiente,sdesnud,snake,0
cómico,cómica,comedian,0
humorista,cómica,comedian,0
comediante,cómica,comedian,0
motocicleta,motocicleta,motorcycle,1
motos,motocicleta,motorcycle,0
moto,motocicleta,motorcycle,0
nadu,nadeb,nadu,0
arsenal,,arsenal,0
milenio,milenim,millennium,0
millennium,milenim,millennium,0
asistencias,asists,assists,0
asiste,asists,assists,0
moño,ba,bow,0
reverencia,ba,bow,0
arco,ba,bow,0
proa,ba,bow,0
bow,ba,bow,0
andré,,andré,0
serie,seria,serie,0
dimensional,dimensiales,dimensional,0
viajó,viajdo,travelled,0
viajado,viajdo,travelled,0
eurovisión,eurovisión,eurovision,1
disparando,fndo,firing,0
despido,fndo,firing,0
suite,secucióna,suite,0
doug,,doug,0
gravedad,graveidad,gravity,0
almacenados,almacendo,stored,0
almacenadas,almacendo,stored,0
almacenado,almacendo,stored,0
almacenada,almacendo,stored,0
partió,partido,departed,0
partieron,partido,departed,0
difuntos,partido,departed,0
ópticas,óptica,optical,0
óptica,óptica,optical,1
óptico,óptica,optical,0
ópticos,óptica,optical,0
fronterizo,fronterizr,frontier,0
fronteriza,fronterizr,frontier,0
frontera,fronterizr,frontier,0
evaluación,evaluacióa,evaluation,0
gráfica,gráfica,graph,1
gráfico,gráfica,graph,0
grafo,gráfica,graph,0
híbrida,híbrida,hybrid,1
híbrido,híbrida,hybrid,0
híbridos,híbrida,hybrid,0
oslo,oslo,oslo,1
gane,advertenci,earn,0
teclado,teclada,keyboard,0
teclados,teclada,keyboard,0
jamie,jaima,jamie,0
jaime,jaima,jamie,0
condecorado,condecorado,decorated,1
decorados,condecorado,decorated,0
decorada,condecorado,decorated,0
decorado,condecorado,decorated,0
complicados,complicado,complicated,0
complicado,complicado,complicated,1
complicadas,complicado,complicated,0
complicada,complicado,complicated,0
nathan,nadon,nathan,0
esclavitud,ssclavitud,slavery,0
circulares,circular,circular,0
circular,circular,circular,1
operarios,operadors,operators,0
operadores,operadors,operators,0
armadura,blindar,armor,0
armaduras,blindar,armor,0
blindaje,blindar,armor,0
mecánicos,mecánics,mechanics,0
mecánica,mecánics,mechanics,0
mecánicas,mecánics,mechanics,0
bradford,,bradford,0
león,leóna,leon,0
leon,leóna,leon,0
raquel,raquel,rachel,1
rachel,raquel,rachel,0
secuencias,ma,footage,0
metraje,ma,footage,0
cuerdas,cadenas,strings,0
cadenas,cadenas,strings,1
cabecera,cabezao,header,0
encabezado,cabezao,header,0
encabezamiento,cabezao,header,0
capucha,capa,hood,0
hood,capa,hood,0
capó,capa,hood,0
inspector,inspectorr,inspector,0
inspectora,inspectorr,inspector,0
comisario,inspectorr,inspector,0
avisos,aviss,warnings,0
advertencias,aviss,warnings,0
parientes,pars,relatives,0
familiares,pars,relatives,0
llanura,llanos,plains,0
llanuras,llanos,plains,0
llanos,llanos,plains,1
planicies,llanos,plains,0
defendida,defendo,defended,0
defendió,defendo,defended,0
defendido,defendo,defended,0
ruedas,ruedas,wheels,1
criterio,criterición,criterion,0
as,aca,ace,0
eca,aca,ace,0
ace,aca,ace,0
arreglos,arreglos,arrangements,1
penn,plumaa,penn,0
abordado,abordado,approached,1
broma,broma,joke,1
chiste,broma,joke,0
navegó,navegdo,sailed,0
religiones,religións,religions,0
subvenciones,subsidis,grants,0
becas,subsidis,grants,0
subsidios,subsidis,grants,0
andrews,andréss,andrews,0
moderado,moderada,moderate,0
moderados,moderada,moderate,0
moderadas,moderada,moderate,0
moderar,moderada,moderate,0
moderada,moderada,moderate,1
robada,robada,stolen,1
robados,robada,stolen,0
robadas,robada,stolen,0
robado,robada,stolen,0
afluente,afluenta,tributary,0
alfiler,pin,pin,0
pin,pin,pin,1
carol,calaminaci,carol,0
posee,os,owns,0
prototipo,prototipoa,prototype,0
prototipos,prototipoa,prototype,0
copiado,copido,copied,0
canterbury,,canterbury,0
midnight,medianoche,midnight,0
medianoche,medianoche,midnight,1
mariscal,trimestrerespald,quarterback,0
quarterback,trimestrerespald,quarterback,0
ducado,duciado,duchy,0
bailey,,bailey,0
árbitros,árbitros,arbitrators,1
intérpretes,intérpretes,performers,1
artistas,intérpretes,performers,0
manejado,manejdo,handled,0
manejada,manejdo,handled,0
prospección,arospección,exploration,0
exploración,arospección,exploration,0
exploraciones,arospección,exploration,0
diversidad,aiversidad,diversity,0
sixteen,dieciséia,sixteen,0
dieciséis,dieciséia,sixteen,0
hallazgos,hallazgos,findings,1
conclusiones,hallazgos,findings,0
descubrimientos,hallazgos,findings,0
repita,repetio,repeat,0
repetir,repetio,repeat,0
repite,repetio,repeat,0
repetición,repetio,repeat,0
repito,repetio,repeat,0
bruselas,bruselas,brussels,1
imdb,,imdb,0
planetas,planetas,planets,1
teatral,teatros,theatrical,0
teatrales,teatros,theatrical,0
reconocimientos,reconocimientoa,reconnaissance,0
reconocimiento,reconocimientoa,reconnaissance,0
tomas,tirs,shots,0
disparos,tirs,shots,0
tiros,tirs,shots,0
chupitos,tirs,shots,0
queja,reclamao,complaint,0
quejas,reclamao,complaint,0
reclamación,reclamao,complaint,0
denuncia,reclamao,complaint,0
batman,murciélagomuch,batman,0
expuesto,exhibido,exhibited,0
exhibido,exhibido,exhibited,1
exhibió,exhibido,exhibited,0
espn,,espn,0
investigar,investiga,investigate,0
investiga,investiga,investigate,1
investigue,investiga,investigate,0
investiguen,investiga,investigate,0
verificación,verificaa,verify,0
verificar,verificaa,verify,0
verifica,verificaa,verify,0
verifique,verificaa,verify,0
interrumpido,interrumpido,discontinued,1
ausente,auso,absent,0
ausentes,auso,absent,0
novia,novia,girlfriend,1
dimisión,resignación,resignation,0
resignación,resignación,resignation,1
renuncia,resignación,resignation,0
fósil,fósilea,fossil,0
fósiles,fósilea,fossil,0
explicar,explicando,explaining,0
explicación,explicando,explaining,0
explicando,explicando,explaining,1
tang,oáng,tang,0
pulgadas,pulgadass,inches,0
centímetros,pulgadass,inches,0
demostrada,probada,proven,0
probado,probada,proven,0
comprobada,probada,proven,0
demostrado,probada,proven,0
probada,probada,proven,1
franco,francio,franco,0
morir,aiendo,dying,0
muriendo,aiendo,dying,0
moribundo,aiendo,dying,0
tribales,tribuales,tribal,0
tribal,tribuales,tribal,0
tyler,,tyler,0
rendirse,entregr,surrender,0
rendición,entregr,surrender,0
entrego,entregr,surrender,0
glenn,cañadaa,glenn,0
sustancia,sustancicia,substance,0
substancia,sustancicia,substance,0
centrar,centrando,focusing,0
centrándose,centrando,focusing,0
luxemburgo,luxemburgo,luxembourg,1
coloreado,coloredo,colored,0
administradas,administras,administered,0
administrado,administras,administered,0
administrados,administras,administered,0
administrada,administras,administered,0
explosión,estallida,explosion,0
estallido,estallida,explosion,0
empujado,empujdo,pushed,0
empujó,empujdo,pushed,0
generación,generacións,generations,0
generaciones,generacións,generations,0
patos,ducia,duck,0
patito,ducia,duck,0
pato,ducia,duck,0
duck,ducia,duck,0
portero,portero,porter,1
mozo,portero,porter,0
porter,portero,porter,0
permanentemente,permanentemente,permanently,1
memphis,,memphis,0
salvador,,salvador,0
emma,emama,emma,0
mit,mio,mit,0
zoológico,,zoo,0
zoo,,zoo,0
gibson,,gibson,0
surgiendo,afusionado,emerging,0
emergiendo,afusionado,emerging,0
emergente,afusionado,emerging,0
emergentes,afusionado,emerging,0
mera,istaa,mere,0
mero,istaa,mere,0
notre,notre,notre,1
porciones,pors,portions,0
macedonio,macedonia,macedonia,0
macedonia,macedonia,macedonia,1
ética,ética,ethics,1
éticos,ética,ethics,0
éticas,ética,ethics,0
curtis,,curtis,0
rescatado,rescatado,rescued,1
rescatada,rescatado,rescued,0
rescatados,rescatado,rescued,0
gaélico,gaélicc,gaelic,0
eslovaquia,sslovaquia,slovakia,0
elevada,elevado,elevated,0
elevado,elevado,elevated,1
elevadas,elevado,elevated,0
elevados,elevado,elevated,0
jeremy,,jeremy,0
escuchen,escucha,listen,0
escuche,escucha,listen,0
escuchar,escucha,listen,0
escucha,escucha,listen,1
impresionantes,impresionantea,impressive,0
impresionante,impresionantea,impressive,0
bradley,,bradley,0
seguramente,suramente,surely,0
huevo,ego,egg,0
óvulo,ego,egg,0
conquistas,conquistao,conquest,0
conquista,conquistao,conquest,0
vara,rña,rod,0
rod,rña,rod,0
varilla,rña,rod,0
caña,rña,rod,0
algoritmo,algoritmo,algorithm,1
arde,quemadura,burn,0
burn,quemadura,burn,0
quema,quemadura,burn,0
quemadura,quemadura,burn,1
quemar,quemadura,burn,0
tesis,oesis,thesis,0
amante,amr,lover,0
enamorado,amr,lover,0
lover,amr,lover,0
capitolio,capitolia,capitol,0
capitol,capitolia,capitol,0
recordada,recordado,remembered,0
recordó,recordado,remembered,0
recordado,recordado,remembered,1
fernando,fernanda,ferdinand,0
alguacil,comisaria,marshal,0
mariscal,comisaria,marshal,0
marshal,comisaria,marshal,0
comisario,comisaria,marshal,0
judaísmo,judaísmm,judaism,0
cojones,bos,balls,0
bolas,bos,balls,0
pelotas,bos,balls,0
balones,bos,balls,0
nacional,,nacional,0
luchadores,luchadors,wrestlers,0
ahmed,,ahmed,0
pecado,sin,sin,0
sin,sin,sin,1
holocausto,holocausto,holocaust,1
edgar,bordar,edgar,0
saxo,saxa,saxophone,0
saxofón,saxa,saxophone,0
retener,minoristaa,retain,0
curriculum,currículum,curriculum,0
currículo,currículum,curriculum,0
currículum,currículum,curriculum,1
desea,deseos,wishes,0
deseos,deseos,wishes,1
preparación,preparaa,prepare,0
preparados,preparaa,prepare,0
prepararse,preparaa,prepare,0
preparar,preparaa,prepare,0
ruinas,ruinas,ruins,1
ibm,,ibm,0
rochester,,rochester,0
nigeria,nigeriana,nigerian,0
nigeriana,nigeriana,nigerian,1
nigeriano,nigeriana,nigerian,0
nigerianos,nigeriana,nigerian,0
lanzó,jardo,pitched,0
jesse,,jesse,0
malayo,malasia,malaysian,0
malasia,malasia,malaysian,1
atlas,adur,atlas,0
telégrafo,telégrafo,telegraph,1
telegraph,telégrafo,telegraph,0
artista,realizao,performer,0
intérprete,realizao,performer,0
cañón,cañonea,cannon,0
cañones,cañonea,cannon,0
cañon,cañonea,cannon,0
encuentro,encuentrr,encounter,0
emilia,amilia,emily,0
emily,amilia,emily,0
disuelta,dessuelta,dissolved,0
disuelto,dessuelta,dissolved,0
catálogo,catáloga,catalogue,0
catalogo,catáloga,catalogue,0
catálogos,catáloga,catalogue,0
discriminación,discriminacionea,discrimination,0
discriminaciones,discriminacionea,discrimination,0
myspace,miespacio,myspace,0
revelar,revela,reveal,0
revela,revela,reveal,1
revelan,revela,reveal,0
mago,maa,wizard,0
hechicero,maa,wizard,0
teen,oce,teen,0
adolescente,oce,teen,0
adolescentes,oce,teen,0
manchas,manchas,spots,1
bombardero,bombardeo,bomber,0
bombarderos,bombardeo,bomber,0
comidas,coms,foods,0
alimentos,coms,foods,0
quest,interrogo,quest,0
connor,connor,connor,1
guión,gujug,screenplay,0
guion,gujug,screenplay,0
motores,motos,motors,0
motors,motos,motors,0
mínimos,mínima,minimal,0
mínimo,mínima,minimal,0
mínima,mínima,minimal,1
mínimas,mínima,minimal,0
minimo,mínima,minimal,0
músculo,musculaa,muscle,0
muscular,musculaa,muscle,0
prestigioso,prestigioss,prestigious,0
prestigio,prestigioss,prestigious,0
prestigiosos,prestigioss,prestigious,0
prestigiosa,prestigioss,prestigious,0
prestigiosas,prestigioss,prestigious,0
sostenible,sosteniblea,sustainable,0
sustentable,sosteniblea,sustainable,0
sostenibles,sosteniblea,sustainable,0
chelsea,,chelsea,0
estrictas,so,strict,0
rigurosa,so,strict,0
estricta,so,strict,0
estricto,so,strict,0
estrictos,so,strict,0
kingston,repiedr,kingston,0
ovino,chapap,sheep,0
ovinos,chapap,sheep,0
ovejas,chapap,sheep,0
oveja,chapap,sheep,0
andrea,andrea,andrea,1
quejas,denuncias,complaints,0
reclamaciones,denuncias,complaints,0
denuncias,denuncias,complaints,1
conecta,conectas,connects,0
enfermería,enfermerndo,nursing,0
defensoras,defensoras,defenders,1
defensores,defensoras,defenders,0
richardson,ricardohijo,richardson,0
triángulo,triángulo,triangle,1
nato,nadoo,nato,0
otan,nadoo,nato,0
muelas,ouelas,teeth,0
dentadura,ouelas,teeth,0
diente,ouelas,teeth,0
dientes,ouelas,teeth,0
ocasionales,ocasionala,occasional,0
ocasionalmente,ocasionala,occasional,0
ocasional,ocasionala,occasional,0
estrictamente,estrictamente,strictly,1
harper,difíciper,harper,0
fluido,fluida,fluid,0
fluida,fluida,fluid,1
líquido,fluida,fluid,0
fluidos,fluida,fluid,0
alimentado,fdo,fed,0
fed,fdo,fed,0
terranova,terranova,newfoundland,1
disuelta,disueldo,disbanded,0
disuelto,disueldo,disbanded,0
comparables,comparaables,comparable,0
comparable,comparaables,comparable,0
documentación,documentción,documentation,0
brien,bmig,brien,0
compuestos,compuests,compounds,0
apuntando,señalndo,pointing,0
señalando,señalndo,pointing,0
edmund,,edmund,0
instancias,instancias,instances,1
naturalmente,naturalmente,naturally,1
obligar,obligando,forcing,0
forzar,obligando,forcing,0
forzando,obligando,forcing,0
urss,ursr,ussr,0
laser,duro,laser,0
láser,duro,laser,0
láseres,duro,laser,0
lat,lao,lat,0
escultor,escultor,sculptor,1
gremio,gremia,guild,0
observador,observador,observer,1
observadora,observador,observer,0
mundos,mundos,worlds,1
encarcelado,encarcelado,imprisoned,1
encarcelados,encarcelado,imprisoned,0
luchadora,luchadorr,wrestler,0
luchador,luchadorr,wrestler,0
elogio,elogia,praise,0
elogios,elogia,praise,0
alabanza,elogia,praise,0
alabanzas,elogia,praise,0
alabado,elogia,praise,0
parroquias,parroquias,parishes,1
bones,huesos,bones,0
huesos,huesos,bones,1
css,cs,css,0
cox,co,cox,0
contratos,contrats,contracts,0
consecuencias,consecuencias,consequences,1
disposiciones,disposiciones,provisions,1
provisiones,disposiciones,provisions,0
circulación,tira,circulation,0
tirada,tira,circulation,0
butterfly,mariposaa,butterfly,0
mariposa,mariposaa,butterfly,0
mariposas,mariposaa,butterfly,0
hugo,inmenso,hugo,0
abolida,abolido,abolished,0
abolido,abolido,abolished,1
suprimido,abolido,abolished,0
argelia,argelia,algeria,1
edu,adeb,edu,0
ejércitos,armads,armies,0
separación,separación,separation,1
espías,spiar,spy,0
espiar,spiar,spy,0
espía,spiar,spy,0
acantilados,crecipicio,cliff,0
acantilado,crecipicio,cliff,0
barranco,crecipicio,cliff,0
precipicio,crecipicio,cliff,0
cliff,crecipicio,cliff,0
técnicamente,técnicamente,technically,1
reacciones,reaccioness,reactions,0
lituano,lituana,lithuanian,0
lituana,lituana,lithuanian,1
lituania,lituana,lithuanian,0
truco,oo,trick,0
trick,oo,trick,0
curva,cncuest,curve,0
accidentes,accidents,accidents,0
accidente,accidents,accidents,0
horizontales,horizontalea,horizontal,0
horizontal,horizontalea,horizontal,0
horizontalmente,horizontalea,horizontal,0
leyendas,leyendas,legends,1
leyenda,leyendas,legends,0
enzimas,enzimaa,enzyme,0
enzima,enzimaa,enzyme,0
fletes,fleto,freight,0
flete,fleto,freight,0
mercancías,fleto,freight,0
carece,cs,lacks,0
hidrógeno,hidrógena,hydrogen,0
emisiones,transmisions,broadcasts,0
transmisiones,transmisions,broadcasts,0
viii,,viii,0
caroline,carolina,caroline,0
carolina,carolina,caroline,1
tiren,po,pull,0
tira,po,pull,0
tirar,po,pull,0
tire,po,pull,0
jala,po,pull,0
plymouth,aboca,plymouth,0
vigésima,vigésima,twentieth,1
vigésimo,vigésima,twentieth,0
recortes,cortes,cuts,0
cortes,cortes,cuts,1
mediación,medición,mediation,0
aeródromo,aeródroma,airfield,0
catálogo,catálogo,catalog,1
catalogo,catálogo,catalog,0
dale,as,dale,0
síntesis,síntesis,synthesis,1
violación,rapa,rape,0
violaciones,rapa,rape,0
seúl,seúl,seoul,1
interacción,aompromiso,engagement,0
compromiso,aompromiso,engagement,0
monedas,coin,coin,0
moneda,coin,coin,0
lucía,luca,lucy,0
lucy,luca,lucy,0
consecuentemente,conmente,consequently,0
platinum,platino,platinum,0
platino,platino,platinum,1
gemelas,gemelas,twins,1
mellizos,gemelas,twins,0
gemelos,gemelas,twins,0
recuerdos,memoris,memories,0
memorias,memoris,memories,0
robertson,robertohijo,robertson,0
comprobada,verificado,verified,0
verificado,verificado,verified,1
verificada,verificado,verified,0
verificadas,verificado,verified,0
comprobado,verificado,verified,0
antología,anología,anthology,0
milton,millton,milton,0
geológico,oeológica,geological,0
geológica,oeológica,geological,0
geológicas,oeológica,geological,0
geológicos,oeológica,geological,0
definiendo,definindo,defining,0
definir,definindo,defining,0
cenas,cenr,dinner,0
cenar,cenr,dinner,0
cena,cenr,dinner,0
hospedaje,anfitrindo,hosting,0
hosting,anfitrindo,hosting,0
thriller,,thriller,0
retiro,retratad,retreat,0
retirada,retratad,retreat,0
albany,,albany,0
abdul,abdult,abdul,0
ignore,ignoraa,ignore,0
ignora,ignoraa,ignore,0
ignorar,ignoraa,ignore,0
ignoren,ignoraa,ignore,0
ignoran,ignoraa,ignore,0
migración,migracionea,migration,0
emigración,migracionea,migration,0
migraciones,migracionea,migration,0
cuidadosamente,ctentamente,carefully,0
atentamente,ctentamente,carefully,0
magnitud,magnitud,magnitude,1
sudán,sudán,sudan,1
sudan,sudán,sudan,0
gestiona,gestions,manages,0
administra,gestions,manages,0
duración,aación,duration,0
henderson,,henderson,0
exploradora,explorar,explorer,0
explorer,explorar,explorer,0
explorador,explorar,explorer,0
marco,orujoo,marco,0
fusion,fusión,fusion,0
fusión,fusión,fusion,1
sida,adas,aids,0
ayudas,adas,aids,0
reunidos,reunido,gathered,0
reflejada,reflejdo,reflected,0
reflejado,reflejdo,reflected,0
reflejados,reflejdo,reflected,0
presbiteriana,presbiteriana,presbyterian,1
automóviles,automóviles,automobile,1
automóvil,automóviles,automobile,0
haciendas,fincas,estates,0
fincas,fincas,estates,1
libra,po,pound,0
supuestamente,presuntamente,allegedly,0
presuntamente,presuntamente,allegedly,1
demora,demoa,delay,0
tardanza,demoa,delay,0
retraso,demoa,delay,0
retardo,demoa,delay,0
desarrolladores,pros,developers,0
promotores,pros,developers,0
semifinales,semifinales,semifinals,1
semifinal,semifinales,semifinals,0
belfast,cayuno,belfast,0
ártica,atica,arctic,0
ártico,atica,arctic,0
kurt,ado,kurt,0
alcaldes,alcaldes,mayors,1
windsor,vientosor,windsor,0
suposición,asunción,assumption,0
asunción,asunción,assumption,1
planchas,plats,plates,0
placas,plats,plates,0
chapas,plats,plates,0
platos,plats,plates,0
fourteen,catorca,fourteen,0
catorce,catorca,fourteen,0
nominado,nominae,nominee,0
nominada,nominae,nominee,0
interrupción,desrrupción,disruption,0
monroe,,monroe,0
hearts,corazons,hearts,0
corazones,corazons,hearts,0
belgrado,cgrado,belgrade,0
victorias,victorias,victories,1
extendiendo,extendindo,extending,0
extender,extendindo,extending,0
pálido,pala,pale,0
pálida,pala,pale,0
persecución,persecución,pursuit,1
glory,gloar,glory,0
gloria,gloar,glory,0
destructores,destruo,destroyer,0
destructor,destruo,destroyer,0
profundamente,profundamente,deeply,1
ponencias,conferencias,lectures,0
conferencias,conferencias,lectures,1
charlas,conferencias,lectures,0
afiliados,afiliada,affiliate,0
afiliado,afiliada,affiliate,0
afiliadas,afiliada,affiliate,0
preston,prepiedr,preston,0
fallecida,fallecido,deceased,0
fallecidos,fallecido,deceased,0
difuntos,fallecido,deceased,0
fallecido,fallecido,deceased,1
habla,habls,speaks,0
reunión,reunindo,gathering,0
reuniendo,reunindo,gathering,0
recolección,reunindo,gathering,0
enfadado,enfadada,angry,0
enojada,enfadada,angry,0
enfadada,enfadada,angry,1
enojado,enfadada,angry,0
incompletas,incompleta,incomplete,0
incompleta,incompleta,incomplete,1
incompleto,incompleta,incomplete,0
incompletos,incompleta,incomplete,0
matriculado,matriculaddo,enrolled,0
matriculados,matriculaddo,enrolled,0
configuración,configuración,configuration,1
brad,brad,brad,1
habilidades,smat,skill,0
habilidad,smat,skill,0
destreza,smat,skill,0
intensos,intensa,intense,0
intensa,intensa,intense,1
intensas,intensa,intense,0
intenso,intensa,intense,0
tasmania,,tasmania,0
compromiso,comprometio,commitment,0
amé,amdo,loved,0
amado,amdo,loved,0
amada,amdo,loved,0
amaba,amdo,loved,0
amó,amdo,loved,0
reformas,reformas,reforms,1
soberanos,gobernantes,rulers,0
gobernantes,gobernantes,rulers,1
uruguay,,uruguay,0
sostenido,sostenido,sustained,1
sostenida,sostenido,sustained,0
sostenidos,sostenido,sustained,0
napoleón,napoleóa,napoleon,0
confirmar,confirm,confirm,0
confirma,confirm,confirm,0
confirme,confirm,confirm,0
confirmo,confirm,confirm,0
raza,razdo,breed,0
razas,razdo,breed,0
reproducirse,razdo,breed,0
mestizo,razdo,breed,0
auxiliares,auxiliarea,auxiliary,0
auxiliar,auxiliarea,auxiliary,0
habilitado,activado,enabled,0
habilitada,activado,enabled,0
activada,activado,enabled,0
activado,activado,enabled,1
discografía,discografía,discography,1
licencia,licencicia,licence,0
refugiadas,refugiads,refugees,0
refugiados,refugiads,refugees,0
refugiado,refugiads,refugees,0
adrian,adriáa,adrian,0
adriano,adriáa,adrian,0
adrián,adriáa,adrian,0
tubo,tubería,pipe,0
tubería,tubería,pipe,1
pipa,tubería,pipe,0
karen,kara,karen,0
karina,kara,karen,0
alterados,alterdo,altered,0
alterado,alterdo,altered,0
alterada,alterdo,altered,0
budapest,,budapest,0
diseñadores,diseñadors,designers,0
heredera,herederr,heir,0
heredero,herederr,heir,0
consejera,asesor,advisor,0
asesora,asesor,advisor,0
asesor,asesor,advisor,1
consejero,asesor,advisor,0
ilustrar,ilustraa,illustrate,0
ilustra,ilustraa,illustrate,0
ilustran,ilustraa,illustrate,0
autorizado,autorizado,authorized,1
autorizadas,autorizado,authorized,0
autorizados,autorizado,authorized,0
autorizada,autorizado,authorized,0
ocultar,esconda,hide,0
oculta,esconda,hide,0
ocultarse,esconda,hide,0
esconderse,esconda,hide,0
esconder,esconda,hide,0
anuncio,anuncio,announcement,1
compactos,compacto,compact,0
compacto,compacto,compact,1
compacta,compacto,compact,0
compactas,compacto,compact,0
pacto,compacto,compact,0
tejidos,tejidoa,tissue,0
tejido,tejidoa,tissue,0
partículas,partículas,particles,1
rehúsa,rechazs,refuses,0
rechaza,rechazs,refuses,0
receptor,recibr,receiver,0
civil,civiles,civilians,0
civiles,civiles,civilians,1
marismas,martea,marsh,0
pantano,martea,marsh,0
marsh,martea,marsh,0
vinilo,viniloa,vinyl,0
vinilos,viniloa,vinyl,0
retrasado,demodo,delayed,0
retraso,demodo,delayed,0
demorado,demodo,delayed,0
tropezado,tropezaddo,encountered,0
miércoles,miercolea,wednesday,0
miercoles,miercolea,wednesday,0
comprobación,comprobando,checking,0
comprobando,comprobando,checking,1
chilena,chilena,chilean,1
chileno,chilena,chilean,0
chile,chilena,chilean,0
chilenos,chilena,chilean,0
oye,ea,hey,0
ey,ea,hey,0
hey,ea,hey,0
chambers,cámaras,chambers,0
salas,cámaras,chambers,0
cámaras,cámaras,chambers,1
demo,demo,demo,1
demostración,demo,demo,0
acuerda,acuerds,agrees,0
ahmad,,ahmad,0
santos,,santos,0
pagar,pagndo,paying,0
pagando,pagndo,paying,0
interpretados,interpretado,interpreted,0
interpretado,interpretado,interpreted,1
interpretadas,interpretado,interpreted,0
interpretada,interpretado,interpreted,0
presentar,po,submit,0
someter,po,submit,0
enviar,po,submit,0
deseados,desedo,desired,0
deseado,desedo,desired,0
deseada,desedo,desired,0
deseadas,desedo,desired,0
seguidores,seguidores,followers,1
observatorio,observatorio,observatory,1
problemática,problemáticc,problematic,0
problemáticas,problemáticc,problematic,0
problemático,problemáticc,problematic,0
problemáticos,problemáticc,problematic,0
springfield,rescamp,springfield,0
kit,niño,kit,0
observaciones,res,remarks,0
burton,quemadurton,burton,0
posadas,ins,inns,0
monarca,mona,monarch,0
observaciones,observacións,observations,0
escarabajo,escarabaja,beetle,0
escarabajos,escarabaja,beetle,0
prometida,prometdo,promised,0
prometido,prometdo,promised,0
prometí,prometdo,promised,0
prometidos,prometdo,promised,0
palomar,,palomar,0
cremas,co,cream,0
nata,co,cream,0
cream,co,cream,0
crema,co,cream,0
presentador,presentao,presenter,0
presentadora,presentao,presenter,0
potter,,potter,0
copyvio,,copyvio,0
favoritos,favorita,favourite,0
favorita,favorita,favourite,1
favorito,favorita,favourite,0
transformación,transformación,transformation,1
transformaciones,transformación,transformation,0
mcdonald,,mcdonald,0
baviera,baviera,bavaria,1
kumar,,kumar,0
xix,,nineteenth,0
severamente,severmente,severely,0
gravemente,severmente,severely,0
mezcla,mezclatura,mixture,0
explorador,bxplorador,browser,0
navegador,bxplorador,browser,0
amenazadas,amenazdo,endangered,0
peligro,amenazdo,endangered,0
amenazado,amenazdo,endangered,0
mate,materia,mate,0
todos,toa,everybody,0
lyon,menteón,lyon,0
ilustración,ilustración,illustration,1
kyle,,kyle,0
afl,aplan,afl,0
brook,trao,brook,0
arroyo,trao,brook,0
geometría,geometría,geometry,1
ping,pndo,ping,0
extiende,extendis,extends,0
agregados,agregada,aggregate,0
agregada,agregada,aggregate,1
agregado,agregada,aggregate,0
variantes,variantes,variants,1
barroca,barroca,baroque,1
barroco,barroca,baroque,0
iso,isto,iso,0
colapsado,colapsdo,collapsed,0
colapsó,colapsdo,collapsed,0
derrumbado,colapsdo,collapsed,0
integrales,integraa,integral,0
integral,integraa,integral,0
jake,jor,jake,0
esperanzas,esperanzas,hopes,1
cornell,esquina,cornell,0
modos,modes,modes,0
criado,crio,servant,0
siervo,crio,servant,0
sirviente,crio,servant,0
sirvienta,crio,servant,0
kenny,,kenny,0
lastimado,lastimado,hurt,1
herido,lastimado,hurt,0
hacedor,hacr,maker,0
maker,hacr,maker,0
creador,hacr,maker,0
inline,inlinea,inline,0
carlo,carloso,carlo,0
lynn,,lynn,0
estabilidad,sabilidad,stability,0
esperando,esperanndo,hoping,0
impuesta,impuesta,imposed,1
impuestas,impuesta,imposed,0
confuso,confundindo,confusing,0
confusa,confundindo,confusing,0
confusas,confundindo,confusing,0
confundiendo,confundindo,confusing,0
resúmenes,resúmenes,summaries,1
escarabajos,escarabajos,beetles,1
joel,trabajilla,joel,0
jets,chorrs,jets,0
chorros,chorrs,jets,0
logos,logotipos,logos,0
logotipos,logotipos,logos,1
vitales,vitali,vital,0
vital,vitali,vital,0
malcom,malcom,malcolm,1
malcolm,malcom,malcolm,0
winnipeg,,winnipeg,0
kilómetros,kilometros,kilometers,0
kilometros,kilometros,kilometers,1
compositores,compositors,songwriters,0
budismo,budism,buddhism,0
nose,aosa,nose,0
nariz,aosa,nose,0
respetado,respedo,respected,0
respetados,respedo,respected,0
respetada,respedo,respected,0
ritmo,spacia,pace,0
pace,spacia,pace,0
thunder,truenor,thunder,0
trueno,truenor,thunder,0
truenos,truenor,thunder,0
centrado,centrodo,centered,0
centrada,centrodo,centered,0
medicos,medicos,physicians,1
facultativos,medicos,physicians,0
médicos,medicos,physicians,0
bolivia,,bolivia,0
olvide,forob,forget,0
olvido,forob,forget,0
olvidar,forob,forget,0
olvida,forob,forget,0
implica,insinús,implies,0
insinúa,insinús,implies,0
cosechas,cosechas,crops,1
cultivos,cosechas,crops,0
halifax,,halifax,0
peaje,cia,toll,0
peajes,cia,toll,0
monje,mona,monk,0
extraordinarias,extraordinaria,extraordinary,0
extraordinaria,extraordinaria,extraordinary,1
extraordinario,extraordinaria,extraordinary,0
extraordinarios,extraordinaria,extraordinary,0
enseñanzas,ls,lessons,0
lecciones,ls,lessons,0
clases,ls,lessons,0
taberna,pa,pub,0
pub,pa,pub,0
paralímpicos,paralímpicos,paralympics,1
monte,montr,monte,0
segmentos,segments,segments,0
ciervos,profundr,deer,0
ciervo,profundr,deer,0
venado,profundr,deer,0
wireless,inalámbrics,wireless,0
inalámbricas,inalámbrics,wireless,0
inalámbricos,inalámbrics,wireless,0
inalámbrico,inalámbrics,wireless,0
inalámbrica,inalámbrics,wireless,0
misteriosos,misterioss,mysterious,0
misterioso,misterioss,mysterious,0
misteriosas,misterioss,mysterious,0
misteriosa,misterioss,mysterious,0
consultor,asesoro,consultant,0
consultora,asesoro,consultant,0
asesor,asesoro,consultant,0
asesora,asesoro,consultant,0
fraser,,fraser,0
formatos,formatos,formats,1
mermeladas,enm,jam,0
jam,enm,jam,0
atasco,enm,jam,0
mermelada,enm,jam,0
pollito,polloa,chicken,0
pollos,polloa,chicken,0
gallina,polloa,chicken,0
pollo,polloa,chicken,0
activar,activaa,enable,0
habilitar,activaa,enable,0
ídolo,ídola,idol,0
idol,ídola,idol,0
reid,reizo,reid,0
partos,parts,births,0
nacimientos,parts,births,0
asombroso,asombrosndo,amazing,0
sorprendente,asombrosndo,amazing,0
increíble,asombrosndo,amazing,0
increible,asombrosndo,amazing,0
pet,pao,pet,0
mascota,pao,pet,0
mascotas,pao,pet,0
disgustado,molesto,upset,0
molesto,molesto,upset,1
ama,ams,loves,0
amores,ams,loves,0
estirar,so,stretch,0
tramo,so,stretch,0
estiramiento,so,stretch,0
designar,nominadoa,nominate,0
llamativo,huelgndo,striking,0
delantero,huelgar,striker,0
accidentalmente,accidentmente,accidentally,0
louisville,,louisville,0
hopkins,,hopkins,0
eds,dos,eds,0
diosa,dioss,goddess,0
entierros,entierros,burials,1
reanudado,reo,resumed,0
satisfacer,satisfacer,satisfy,1
noción,noción,notion,1
voltaje,tena,voltage,0
tensión,tena,voltage,0
betty,meja,betty,0
marion,casción,marion,0
geología,ga,geology,0
sistemáticamente,cistemáticamente,consistently,0
ciclón,ciclono,cyclone,0
exportación,exportacioneo,export,0
export,exportacioneo,export,0
exportaciones,exportacioneo,export,0
exportar,exportacioneo,export,0
relámpago,relámpando,lightning,0
lightning,relámpando,lightning,0
rayos,relámpando,lightning,0
relámpagos,relámpando,lightning,0
rayo,relámpando,lightning,0
impresionado,impresionado,impressed,1
impresionados,impresionado,impressed,0
impresionada,impresionado,impressed,0
mantiene,mantens,maintains,0
lógicos,aógicos,logical,0
lógico,aógicos,logical,0
lógica,aógicos,logical,0
agresivos,agresiva,aggressive,0
agresivo,agresiva,aggressive,0
agresividad,agresiva,aggressive,0
agresiva,agresiva,aggressive,1
agresivas,agresiva,aggressive,0
jin,join,jin,0
julie,julia,julie,0
fbi,fbi,fbi,1
yanquis,yanquis,yankees,1
yankees,yanquis,yankees,0
luis,luio,ludwig,0
ludwig,luio,ludwig,0
estanque,pa,pond,0
pond,pa,pond,0
laguna,pa,pond,0
suburbana,suburbioan,suburban,0
alistado,alistado,enlisted,1
moments,momentos,moments,0
momentos,momentos,moments,1
instantes,momentos,moments,0
conjunción,conjunción,conjunction,1
interino,interm,interim,0
provisionales,interm,interim,0
interina,interm,interim,0
provisional,interm,interim,0
argumenta,argumentas,argues,0
afortunados,afortunada,lucky,0
afortunada,afortunada,lucky,1
afortunado,afortunada,lucky,0
suerte,afortunada,lucky,0
lucky,afortunada,lucky,0
lon,loa,lon,0
speedway,velocidadman,speedway,0
regimientos,regimientos,regiments,1
prevenido,prevendo,prevented,0
impedido,prevendo,prevented,0
juguetes,cia,toy,0
toy,cia,toy,0
juguete,cia,toy,0
bici,bicicletaa,bicycle,0
bicicletas,bicicletaa,bicycle,0
bicicleta,bicicletaa,bicycle,0
puramente,puramente,purely,1
interacciones,interaccións,interactions,0
interacción,interaccións,interactions,0
fraude,fraudea,fraud,0
fraudes,fraudea,fraud,0
lang,aáng,lang,0
arcade,,arcade,0
conferencia,conferencia,lecture,1
cátedra,conferencia,lecture,0
santuario,santuaria,sanctuary,0
dragones,drags,dragons,0
copa,copia,copa,0
cuidadoso,cuidadosa,careful,0
cuidadosos,cuidadosa,careful,0
cuidado,cuidadosa,careful,0
cuidadosa,cuidadosa,careful,1
enfermera,enfermera,nurse,1
enfermero,enfermera,nurse,0
rivales,rivalidads,rivals,0
módulo,móduloa,module,0
modulo,móduloa,module,0
módulos,móduloa,module,0
suplementos,somplemento,supplement,0
complemento,somplemento,supplement,0
suplemento,somplemento,supplement,0
cristalino,adas,lens,0
lente,adas,lens,0
lentes,adas,lens,0
patrón,patrulla,patron,0
patron,patrulla,patron,0
patrona,patrulla,patron,0
mecenas,patrulla,patron,0
comandos,comandos,commands,1
mandos,comandos,commands,0
tendencias,arbon,trend,0
tendencia,arbon,trend,0
superintendente,superintendento,superintendent,0
gerald,,gerald,0
rap,ra,rap,0
génova,genva,geneva,0
ginebra,genva,geneva,0
cenizas,ae,ash,0
ceniza,ae,ash,0
ash,ae,ash,0
hoja,fila,blade,0
blade,fila,blade,0
filo,fila,blade,0
espada,fila,blade,0
cuchilla,fila,blade,0
desaparecido,desapareciddo,disappeared,0
desaparecidos,desapareciddo,disappeared,0
desapareció,desapareciddo,disappeared,0
desaparecida,desapareciddo,disappeared,0
array,aatriz,array,0
matriz,aatriz,array,0
patrullar,patrulndo,patrolling,0
patrullas,patrulndo,patrolling,0
patrullaje,patrulndo,patrolling,0
patrullando,patrulndo,patrolling,0
predominantemente,predominantemente,predominantly,1
comisiones,comités,committees,0
comités,comités,committees,1
suelto,floja,loose,0
suelta,floja,loose,0
flojo,floja,loose,0
boom,buge,boom,0
auge,buge,boom,0
bum,buge,boom,0
marineros,marinos,sailors,0
marinos,marinos,sailors,1
golpeados,golpeadoa,beaten,0
vencido,golpeadoa,beaten,0
golpeado,golpeadoa,beaten,0
fumar,huma,smoke,0
humo,huma,smoke,0
humos,huma,smoke,0
asesinato,asesinata,assassination,0
asesinatos,asesinata,assassination,0
lancaster,,lancaster,0
reynolds,,reynolds,0
divorcio,divorcia,divorce,0
divorcios,divorcia,divorce,0
polvo,ao,dust,0
sajones,sajona,saxon,0
saxon,sajona,saxon,0
separadamente,separadamente,separately,1
separado,separadamente,separately,0
cereales,grain,grain,0
grano,grain,grain,0
granos,grain,grain,0
ejecutivas,ejecutivos,executives,0
ejecutivos,ejecutivos,executives,1
traducción,traducciones,translations,0
traducciones,traducciones,translations,1
zimbabwe,zimbabua,zimbabwe,0
zimbabue,zimbabua,zimbabwe,0
arrojado,ta,thrown,0
cohen,,cohen,0
pone,ps,puts,0
buceo,aviendo,diving,0
bucear,aviendo,diving,0
submarinismo,aviendo,diving,0
carroll,carrod,carroll,0
contable,cuentndo,accounting,0
contabilidad,cuentndo,accounting,0
meseta,sa,mesa,0
mesa,sa,mesa,0
misa,sa,mesa,0
prusia,prus,prussia,0
inteligentes,inteligeno,intelligent,0
inteligente,inteligeno,intelligent,0
cerezas,cereza,cherry,0
cherry,cereza,cherry,0
cereza,cereza,cherry,1
cerezo,cereza,cherry,0
subyacente,subyacendo,underlying,0
subyacentes,subyacendo,underlying,0
tabaco,oabaco,tobacco,0
limpiado,limpiado,cleaned,1
limpió,limpiado,cleaned,0
variedades,variedas,varieties,0
banca,ba,bench,0
banco,ba,bench,0
indicaciones,indics,directions,0
instrucciones,indics,directions,0
direcciones,indics,directions,0
elena,na,ellen,0
ellen,na,ellen,0
relleno,po,padding,0
medición,medio,measurement,0
mediciones,medio,measurement,0
medida,medio,measurement,0
paraiso,paraísa,paradise,0
paraíso,paraísa,paradise,0
paradise,paraísa,paradise,0
alejandría,alejandrría,alexandria,0
complemento,complementar,complement,0
complementar,complementar,complement,1
brujo,aa,witch,0
bruja,aa,witch,0
atracción,atractiv,attraction,0
atractivo,atractiv,attraction,0
diana,aiana,diana,0
personalidades,personalidas,personalities,0
personalidad,personalidas,personalities,0
colegas,cs,colleagues,0
compañeros,cs,colleagues,0
ocupada,ocupada,busy,1
ocupado,ocupada,busy,0
ocupados,ocupada,busy,0
ocupadas,ocupada,busy,0
cia,ca,cia,0
cla,ca,cia,0
guionista,guionistr,screenwriter,0
ranking,clasificas,rankings,0
rankings,clasificas,rankings,0
clasificaciones,clasificas,rankings,0
aborígenes,aborígenea,aboriginal,0
aborigen,aborígenea,aboriginal,0
comandantes,comandantes,commanders,1
salem,ventam,salem,0
wagner,,wagner,0
firmas,firms,firms,0
sanciones,sancciones,sanctions,0
américas,americans,americas,0
américa,americans,americas,0
finales,ndos,endings,0
instructora,instruct,instructor,0
instructor,instruct,instructor,0
nobleza,nobleza,nobility,1
divorciada,divorcido,divorced,0
divorciados,divorcido,divorced,0
divorciadas,divorcido,divorced,0
divorciado,divorcido,divorced,0
varía,varis,varies,0
varia,varis,varies,0
manana,,tomorrow,0
mañana,,tomorrow,0
tomorrow,,tomorrow,0
manuscritos,manuscritos,manuscripts,1
unificado,unificado,unified,1
unificados,unificado,unified,0
unificada,unificado,unified,0
unificadas,unificado,unified,0
clarificar,cr,clarify,0
aclarar,cr,clarify,0
cazatalentos,exploradors,scouts,0
exploradores,exploradors,scouts,0
scouts,exploradors,scouts,0
investigaciones,investigacions,investigations,0
silva,plaa,silva,0
derek,,derek,0
temario,amario,agenda,0
agenda,amario,agenda,0
provisión,pa,provision,0
humanidad,humanidad,humanity,1
admitir,admio,admit,0
admita,admio,admit,0
admite,admio,admit,0
admiten,admio,admit,0
terror,oerror,terror,0
terrorismo,oerror,terror,0
concursantes,carticipantes,contestants,0
participantes,carticipantes,contestants,0
trinidad,,trinidad,0
lejano,lejano,distant,1
lejana,lejano,distant,0
distante,lejano,distant,0
distantes,lejano,distant,0
lejanos,lejano,distant,0
burke,quemadurtecl,burke,0
círculos,círculos,circles,1
asignación,co,assignment,0
cesión,co,assignment,0
liberando,liberando,releasing,1
soltando,liberando,releasing,0
recordó,recordardo,recalled,0
recordaron,recordardo,recalled,0
santuario,santuaria,shrine,0
navegar,sla,sail,0
vela,sla,sail,0
velero,sla,sail,0
willie,guillerma,willie,0
karnataka,,karnataka,0
celebrar,celebra,celebrate,0
celebra,celebra,celebrate,1
celebran,celebra,celebrate,0
celebre,celebra,celebrate,0
rancho,rancl,ranch,0
colaborado,colabordo,collaborated,0
colaboraron,colabordo,collaborated,0
colaboró,colabordo,collaborated,0
vampiros,vampiroa,vampire,0
vampiro,vampiroa,vampire,0
dramaturgo,dramaturgo,playwright,1
enfermo,slo,sick,0
enfermas,slo,sick,0
enferma,slo,sick,0
enfermos,slo,sick,0
asociados,asociadas,associates,0
socios,asociadas,associates,0
asociadas,asociadas,associates,1
heinrich,,heinrich,0
etiopía,etiopía,ethiopia,1
pabellones,banderas,flags,0
banderas,banderas,flags,1
tel,oilla,tel,0
condujo,aondujo,drove,0
short,corts,shorts,0
cortos,corts,shorts,0
shorts,corts,shorts,0
impulsa,conducs,drives,0
maneja,conducs,drives,0
conduce,conducs,drives,0
cumplida,cumplido,accomplished,0
logrado,cumplido,accomplished,0
autobiografía,autobiografía,autobiography,1
reclutado,reclutaddo,recruited,0
reclutados,reclutaddo,recruited,0
sublevación,levantamiendo,uprising,0
insurrección,levantamiendo,uprising,0
levantamiento,levantamiendo,uprising,0
revuelta,levantamiendo,uprising,0
rebelión,levantamiendo,uprising,0
edwin,dogan,edwin,0
velocidad,velocidaa,velocity,0
terminología,terminología,terminology,1
raiders,incursióndores,raiders,0
coordinadas,coordins,coordinates,0
coordina,coordins,coordinates,0
coordenadas,coordins,coordinates,0
brighton,brillanteón,brighton,0
viola,viola,viola,1
morrison,mación,morrison,0
propulsión,propulsión,propulsion,1
boxeador,boxeador,boxer,1
boxer,boxeador,boxer,0
final,definitivoa,finale,0
hombro,hombro,shoulder,1
hombros,hombro,shoulder,0
minusválidos,discapacitado,disabled,0
desactivada,discapacitado,disabled,0
desactivado,discapacitado,disabled,0
discapacitados,discapacitado,disabled,0
discapacitado,discapacitado,disabled,1
une,uns,joins,0
div,aa,div,0
tácticas,táctics,tactics,0
táctica,táctics,tactics,0
ernesto,ernestest,ernst,0
inocentes,inocenteo,innocent,0
inocencia,inocenteo,innocent,0
inocente,inocenteo,innocent,0
rapero,rapper,rapper,0
conformarse,soblador,settle,0
asentarse,soblador,settle,0
privacidad,ponfidencialidad,privacy,0
confidencialidad,ponfidencialidad,privacy,0
intimidad,ponfidencialidad,privacy,0
boeing,,boeing,0
cites,citars,cites,0
emmy,emami,emmy,0
indo,indo,indo,1
indochina,indo,indo,0
distinguir,aistingui,distinguish,0
distinguen,aistingui,distinguish,0
rosa,ruca,rosa,0
térmicos,térmica,thermal,0
térmico,térmica,thermal,0
termal,térmica,thermal,0
térmica,térmica,thermal,1
flauta,futa,flute,0
marina,marins,marines,0
infantes,marins,marines,0
marines,marins,marines,0
feminismo,feministao,feminist,0
feminista,feministao,feminist,0
feministas,feministao,feminist,0
patronato,patronats,trustees,0
síndicos,patronats,trustees,0
fiduciarios,patronats,trustees,0
esculturas,esculturas,sculptures,1
escultura,esculturas,sculptures,0
bacteria,bacteriaa,bacteria,0
bacterias,bacteriaa,bacteria,0
introducir,introducia,introduce,0
hitos,hs,landmarks,0
trastornos,trastorns,disorders,0
desórdenes,trastorns,disorders,0
rivalidades,rivalidadea,rivalry,0
rivalidad,rivalidadea,rivalry,0
prevención,prevención,prevention,1
honorable,honordo,honored,0
honrada,honordo,honored,0
honrado,honordo,honored,0
honrados,honordo,honored,0
sano,sana,healthy,0
saludables,sana,healthy,0
saludable,sana,healthy,0
sana,sana,healthy,1
circus,circus,circus,1
circo,circus,circus,0
especulaciones,especulacionea,speculation,0
especulación,especulacionea,speculation,0
birmania,quemadurma,burma,0
seg,sfect,sec,0
sec,sfect,sec,0
silencio,tranquilo,quiet,0
tranquilo,tranquilo,quiet,1
tranquila,tranquilo,quiet,0
tranquilidad,tranquilo,quiet,0
callado,tranquilo,quiet,0
rodilla,rodilla,knee,1
rodillas,rodilla,knee,0
entrego,entregr,deliver,0
entregar,entregr,deliver,0
tiró,eó,threw,0
hipótesis,hipótesis,hypothesis,1
referéndum,rlebiscito,referendum,0
plebiscito,rlebiscito,referendum,0
referendo,rlebiscito,referendum,0
referendos,rlebiscito,referendum,0
viajando,viajndo,travelling,0
viajar,viajndo,travelling,0
estonio,estonia,estonian,0
estonios,estonia,estonian,0
estonia,estonia,estonian,1
pastor,paalmacen,pastor,0
pastora,paalmacen,pastor,0
sofia,sofa,sofia,0
sofía,sofa,sofia,0
tribuna,tribune,tribune,0
tribune,tribune,tribune,1
duradera,duradndo,lasting,0
duradero,duradndo,lasting,0
permitir,permitio,permit,0
permiso,permitio,permit,0
prelación,plación,priority,0
prioritario,plación,priority,0
prioridad,plación,priority,0
prioritaria,plación,priority,0
kilos,libras,pounds,0
libras,libras,pounds,1
céntimos,cénto,cent,0
centavo,cénto,cent,0
céntimo,cénto,cent,0
consecuencia,consecuencia,consequence,1
rica,ra,rica,0
mobiliario,mueblea,furniture,0
muebles,mueblea,furniture,0
mueble,mueblea,furniture,0
macdonald,,macdonald,0
sincero,honestoo,honest,0
honesto,honestoo,honest,0
honesta,honestoo,honest,0
honestos,honestoo,honest,0
innovadora,innovadora,innovative,1
innovadoras,innovadora,innovative,0
innovadores,innovadora,innovative,0
innovador,innovadora,innovative,0
estimaciones,estimaa,estimate,0
estimado,estimaa,estimate,0
estimar,estimaa,estimate,0
estimación,estimaa,estimate,0
atp,ap,atp,0
rotación,rotación,rotation,1
siracusa,siracusa,syracuse,1
syracuse,siracusa,syracuse,0
conferenciante,conferenciar,lecturer,0
automatizada,automatizaddo,automated,0
automatizado,automatizaddo,automated,0
automatizados,automatizaddo,automated,0
oscuro,oscura,obscure,0
oscura,oscura,obscure,1
kosovo,,kosovo,0
clásicas,clásicas,classics,1
clásicos,clásicas,classics,0
julio,julius,julius,0
apreciada,aprecido,appreciated,0
apreciados,aprecido,appreciated,0
apreciadas,aprecido,appreciated,0
apreciado,aprecido,appreciated,0
nápoles,nápoles,naples,1
sebastian,sebastián,sebastian,0
sebastián,sebastián,sebastian,1
activado,activdo,activated,0
activados,activdo,activated,0
activadas,activdo,activated,0
activada,activdo,activated,0
variada,varido,varied,0
variado,varido,varied,0
variados,varido,varied,0
variadas,varido,varied,0
ofensa,ofensa,offense,1
aconsejado,aconsejaddo,advised,0
aconsejó,aconsejaddo,advised,0
barnes,,barnes,0
reconocido,reconocido,acknowledged,1
reconoció,reconocido,acknowledged,0
reconocidos,reconocido,acknowledged,0
reconocida,reconocido,acknowledged,0
excepciones,excepcis,exceptions,0
marta,mara,martha,0
martha,mara,martha,0
trimestres,trimestres,quarters,1
cuartos,trimestres,quarters,0
dibujos,dibujs,drawings,0
apenas,bpenas,barely,0
escasamente,bpenas,barely,0
golpeando,golpndo,hitting,0
bateo,golpndo,hitting,0
golpear,golpndo,hitting,0
refugio,refugia,refuge,0
maharashtra,,maharashtra,0
convenios,convenis,conventions,0
convenciones,convenis,conventions,0
elliott,,elliott,0
diplomática,diplomático,diplomat,0
diplomático,diplomático,diplomat,1
búsquedas,búsquedas,searches,1
brigadier,brigadera,brigadier,0
partícula,partícula,particle,1
partículas,partícula,particle,0
malayalam,,malayalam,0
jueves,juevea,thursday,0
icono,icona,icon,0
icon,icona,icon,0
ícono,icona,icon,0
ulster,aro,ulster,0
genes,gens,genes,0
infinita,infinita,infinite,1
infinito,infinita,infinite,0
infinitos,infinita,infinite,0
infinitas,infinita,infinite,0
considerablemente,considerablea,considerably,0
vale,valesa,vale,0
retrato,retratos,portraits,0
retratos,retratos,portraits,1
pasta,paa,paste,0
pegar,paa,paste,0
pega,paa,paste,0
pegue,paa,paste,0
randy,ranmori,randy,0
sajonia,sajona,saxony,0
convoy,,convoy,0
annie,ania,annie,0
anita,ania,annie,0
excesivos,excesiva,excessive,0
excesivo,excesiva,excessive,0
excesiva,excesiva,excessive,1
excesivas,excesiva,excessive,0
creyendo,crendo,believing,0
creer,crendo,believing,0
rin,rhia,rhine,0
rhin,rhia,rhine,0
minerales,minerales,mineral,1
mineral,minerales,mineral,0
implementar,implementao,implement,0
cirujana,cirujana,surgeon,1
cirujano,cirujana,surgeon,0
placa,insignia,badge,0
insignia,insignia,badge,1
charleston,carloston,charleston,0
cláusula,cláusulaa,clause,0
cláusulas,cláusulaa,clause,0
infecciones,infección,infection,0
infección,infección,infection,1
electrones,electróa,electron,0
electrón,electróa,electron,0
walt,paseo,walt,0
cnn,,cnn,0
igualmente,igualmenta,likewise,0
tonight,cinoche,tonight,0
confederación,confederación,confederation,1
acomodar,acomodaa,accommodate,0
casino,,casino,0
doctorado,doctora,doctorate,0
aux,aja,aux,0
guatemala,,guatemala,0
configuraciones,ps,settings,0
configuración,ps,settings,0
ajustes,ps,settings,0
preferencias,ps,settings,0
mascarilla,mpregunt,mask,0
máscara,mpregunt,mask,0
mascara,mpregunt,mask,0
refugios,slbergue,shelter,0
refugio,slbergue,shelter,0
albergue,slbergue,shelter,0
dorothy,,dorothy,0
etnia,etniaa,ethnicity,0
étnico,etniaa,ethnicity,0
etnias,etniaa,ethnicity,0
étnica,etniaa,ethnicity,0
ojala,ojala,hopefully,1
esperemos,ojala,hopefully,0
ojalá,ojala,hopefully,0
eliminación,eliminación,elimination,1
heath,calora,heath,0
embarazadas,embarazadao,pregnant,0
embarazada,embarazadao,pregnant,0
embarazo,embarazadao,pregnant,0
richards,ricardos,richards,0
theodore,teodora,theodore,0
teodoro,teodora,theodore,0
delegadas,delegads,delegates,0
delegados,delegads,delegates,0
blair,negrir,blair,0
fac,fac,fac,1
frases,frases,phrases,1
chocado,chodo,crashed,0
estrellado,chodo,crashed,0
estrelló,chodo,crashed,0
chocó,chodo,crashed,0
preferencia,preferencia,preference,1
janeiro,,janeiro,0
concierto,conciertoo,concerto,0
bits,bitss,bits,0
construir,construio,construct,0
afinar,melodía,tune,0
melodía,melodía,tune,1
sintonizar,melodía,tune,0
extraoficial,unoficial,unofficial,0
grueso,bel,bulk,0
granel,bel,bulk,0
faro,faa,lighthouse,0
stan,stan,stan,1
altiplano,altiplana,highland,0
highland,altiplana,highland,0
mascota,mascoto,mascot,0
escuadrones,escuadrs,squadrons,0
aceptación,aceptaanza,acceptance,0
apretado,ocho,tight,0
apretada,ocho,tight,0
ajustado,ocho,tight,0
considera,considers,considers,0
hub,aa,hub,0
lío,ss,mess,0
desorden,ss,mess,0
selva,selvs,wilderness,0
rutina,rutinaria,routine,0
rutinario,rutinaria,routine,0
revisando,revisndo,reviewing,0
doblada,doblado,dubbed,0
apodado,doblado,dubbed,0
docenas,docenas,dozens,1
decenas,docenas,dozens,0
descubierta,manchado,spotted,0
visto,manchado,spotted,0
manchado,manchado,spotted,1
armonía,armonía,harmony,1
harmony,armonía,harmony,0
emprendedor,empresarir,entrepreneur,0
empresaria,empresarir,entrepreneur,0
emprendedores,empresarir,entrepreneur,0
emprendedora,empresarir,entrepreneur,0
empresario,empresarir,entrepreneur,0
wwe,ahúmed,wwe,0
apolo,apolo,apollo,1
apollo,apolo,apollo,0
pista,pa,runway,0
pasarela,pa,runway,0
desnudo,desnudo,naked,1
desnuda,desnudo,naked,0
desnudas,desnudo,naked,0
desnudos,desnudo,naked,0
anton,antón,anton,0
antón,antón,anton,1
moses,moisés,moses,0
moisés,moisés,moses,1
legalmente,legmente,legally,0
jurídicamente,legmente,legally,0
designar,nominadondo,nominating,0
falsa,fr,fake,0
farsante,fr,fake,0
falsos,fr,fake,0
falso,fr,fake,0
parcial,parciado,biased,0
rebelión,revuelto,revolt,0
revuelta,revuelto,revolt,0
equidad,igualidad,equity,0
providence,providencia,providence,0
providencia,providencia,providence,1
inversores,inversionistas,investors,0
inversionistas,inversionistas,investors,1
confiabilidad,fiabilidad,reliability,0
fiabilidad,fiabilidad,reliability,1
tenor,tenor,tenor,1
peleas,luchas,fights,0
luchas,luchas,fights,1
pocket,bolsillo,pocket,0
bolsillo,bolsillo,pocket,1
tristes,sad,sad,0
triste,sad,sad,0
sad,sad,sad,1
troy,troa,troy,0
troya,troa,troy,0
tesoros,tesora,treasure,0
tesoro,tesora,treasure,0
ion,íoa,ion,0
iones,íoa,ion,0
transformados,transformado,transformed,0
transformado,transformado,transformed,1
transformada,transformado,transformed,0
transformadas,transformado,transformed,0
roberto,robertoo,roberto,0
adopción,aproba,adoption,0
aprobación,aproba,adoption,0
adopciones,aproba,adoption,0
descenso,disminuya,decrease,0
disminuir,disminuya,decrease,0
disminuye,disminuya,decrease,0
disminución,disminuya,decrease,0
reservada,reservdo,reserved,0
reservados,reservdo,reserved,0
reservado,reservdo,reserved,0
olvidado,olvidada,forgotten,0
olvidados,olvidada,forgotten,0
olvidadas,olvidada,forgotten,0
olvidada,olvidada,forgotten,1
lok,azuelo,lok,0
cosechas,ca,crop,0
cultivos,ca,crop,0
cultivo,ca,crop,0
recortar,ca,crop,0
cosecha,ca,crop,0
licencias,licenciando,licensing,0
licencia,licenciando,licensing,0
promoción,promoa,advocacy,0
coleccionar,coleccionndo,collecting,0
recolección,coleccionndo,collecting,0
tesorería,tesora,treasury,0
tesoro,tesora,treasury,0
hacienda,tesora,treasury,0
trompeta,trompeto,trumpet,0
johnston,juanpiedr,johnston,0
incierta,incierta,uncertain,1
incertidumbre,incierta,uncertain,0
inciertos,incierta,uncertain,0
incierto,incierta,uncertain,0
norton,norton,norton,1
coleccionista,coleccionistar,collector,0
recaudador,coleccionistar,collector,0
colector,coleccionistar,collector,0
coleccionistas,coleccionistar,collector,0
cluster,cúmulr,cluster,0
cúmulo,cúmulr,cluster,0
querido,muertr,dear,0
estimado,muertr,dear,0
estimados,muertr,dear,0
queridos,muertr,dear,0
querida,muertr,dear,0
georges,jorges,georges,0
rodillos,rodo,roller,0
rodillo,rodo,roller,0
roller,rodo,roller,0
ropa,rops,clothes,0
ropas,rops,clothes,0
soberano,soberana,sovereign,0
soberana,soberana,sovereign,1
soberanos,soberana,sovereign,0
mejorado,mejordo,enhanced,0
mejorada,mejordo,enhanced,0
compensaciones,indemnizacionea,compensation,0
compensación,indemnizacionea,compensation,0
indemnización,indemnizacionea,compensation,0
indemnizaciones,indemnizacionea,compensation,0
consentir,consente,consent,0
consentimiento,consente,consent,0
esquema,contorna,outline,0
contorno,contorna,outline,0
esbozo,contorna,outline,0
holdings,participaciones,holdings,0
explotaciones,participaciones,holdings,0
tenencias,participaciones,holdings,0
participaciones,participaciones,holdings,1
jorge,mandantedad,jorge,0
tinieblas,tinieblas,darkness,1
oscuridad,tinieblas,darkness,0
penas,castigs,penalties,0
castigos,castigs,penalties,0
sanciones,castigs,penalties,0
penalizaciones,castigs,penalties,0
bombarderos,bombarderos,bombers,1
huecos,hoyos,holes,0
agujeros,hoyos,holes,0
hoyos,hoyos,holes,1
soplar,br,blow,0
sopla,br,blow,0
cocción,cando,cooking,0
cocinando,cando,cooking,0
cocinar,cando,cooking,0
cocina,cando,cooking,0
secuelas,secuelaa,aftermath,0
entrenador,entrenao,trainer,0
entrenadora,entrenao,trainer,0
formadores,entrenao,trainer,0
formador,entrenao,trainer,0
medición,medindo,measuring,0
medir,medindo,measuring,0
demanda,demando,lawsuit,0
pleito,demando,lawsuit,0
chip,co,chip,0
consciencia,consciencia,consciousness,1
conciencia,consciencia,consciousness,0
arqueología,arquea,archaeology,0
letonia,letonia,latvia,1
telugu,,telugu,0
blogs,bitácoras,blogs,0
proteger,protegndo,protecting,0
protegiendo,protegndo,protecting,0
protección,protegndo,protecting,0
hardy,difícila,hardy,0
apodado,apodo,nicknamed,0
goleador,ar,scorer,0
sellos,sstampilla,stamp,0
estampilla,sstampilla,stamp,0
sello,sstampilla,stamp,0
nat,nao,nat,0
pieles,compler,fur,0
piel,compler,fur,0
pelaje,compler,fur,0
peletería,compler,fur,0
redirigido,redirigdo,redirected,0
estimaciones,estimads,estimates,0
estimados,estimads,estimates,0
lit,vio,lit,0
encendida,vio,lit,0
encendido,vio,lit,0
iluminado,vio,lit,0
ritual,rituales,ritual,0
rituales,rituales,ritual,1
localidad,localesidad,locality,0
trazas,rastra,trace,0
trace,rastra,trace,0
traza,rastra,trace,0
rastro,rastra,trace,0
trazo,rastra,trace,0
mármol,casbles,marble,0
cimientos,fundacis,foundations,0
fundaciones,fundacis,foundations,0
fundamentos,fundacis,foundations,0
políticamente,políticomente,politically,0
nottingham,,nottingham,0
derivada,derivada,derivative,1
derivado,derivada,derivative,0
derivados,derivada,derivative,0
derivadas,derivada,derivative,0
boxeadores,boxeadors,boxers,0
dimensión,dimensia,dimension,0
dimensiones,dimensia,dimension,0
touchdowns,anotacións,touchdowns,0
crawford,,crawford,0
murciélagos,murciélagos,bats,1
yugoslavos,yugoslavv,yugoslav,0
yugoslavia,yugoslavv,yugoslav,0
yugoslavo,yugoslavv,yugoslav,0
yugoslava,yugoslavv,yugoslav,0
tanzania,,tanzania,0
triunfar,triunfado,succeed,0
lema,mema,motto,0
racha,racha,streak,1
concentrado,concentrado,concentrated,1
concentrada,concentrado,concentrated,0
concentradas,concentrado,concentrated,0
concentrados,concentrado,concentrated,0
sucia,sua,dirty,0
sucias,sua,dirty,0
sucios,sua,dirty,0
dirty,sua,dirty,0
sucio,sua,dirty,0
hayes,tiensí,hayes,0
xbox,jaboxe,xbox,0
identificando,identificando,identifying,1
identificar,identificando,identifying,0
gusta,gusts,likes,0
likes,gusts,likes,0
gustos,gusts,likes,0
géneros,géneros,genres,1
galería,galerís,galleries,0
galerías,galerís,galleries,0
forbes,,forbes,0
consejos,consejos,councils,1
concejos,consejos,councils,0
adecuada,adecuada,adequate,1
adecuados,adecuada,adequate,0
adecuado,adecuada,adequate,0
bronce,lats,brass,0
brass,lats,brass,0
latón,lats,brass,0
bach,bar,bach,0
alias,alians,alias,0
letrado,cetrado,counsel,0
abogada,cetrado,counsel,0
abogado,cetrado,counsel,0
llevaba,trabaja,wore,0
duro,oa,tough,0
duros,oa,tough,0
rudo,oa,tough,0
dura,oa,tough,0
anuncio,anuncio,advertisement,1
publicidad,anuncio,advertisement,0
protagonista,protagonisto,protagonist,0
senderos,senderos,trails,1
exigido,demandado,demanded,0
exigió,demandado,demanded,0
claire,reclamre,claire,0
errores,errors,mistakes,0
bruno,brunno,bruno,0
dylan,moritierr,dylan,0
bolso,bao,bag,0
bolsa,bao,bag,0
tirando,tndo,throwing,0
lanzando,tndo,throwing,0
churchill,iglesiaa,churchill,0
tan,oan,tan,0
bronceado,oan,tan,0
subida,cscenso,climb,0
escalada,cscenso,climb,0
subir,cscenso,climb,0
escalar,cscenso,climb,0
ascenso,cscenso,climb,0
testigos,testigos,witnesses,1
támesis,támesis,thames,1
cualquiera,cualquiera,anybody,1
kazajistán,kazajistáa,kazakhstan,0
kazajstán,kazajistáa,kazakhstan,0
bots,boos,bots,0
robots,boos,bots,0
presentando,presentando,presenting,1
presentamos,presentando,presenting,0
destacadas,destacs,highlights,0
destaca,destacs,highlights,0
destacados,destacs,highlights,0
reflejos,destacs,highlights,0
saltos,saltando,jumping,0
salto,saltando,jumping,0
saltando,saltando,jumping,1
saltar,saltando,jumping,0
prof,prof,prof,1
eslovaca,ss,slovak,0
eslovaco,ss,slovak,0
calavera,calavera,skull,1
cráneo,calavera,skull,0
skull,calavera,skull,0
misioneros,misioners,missionaries,0
ordenados,ordenado,ordained,0
ordenado,ordenado,ordained,1
eventual,eventuaa,eventual,0
mito,mie,myth,0
mitos,mie,myth,0
obligatoriedad,obligatoria,mandatory,0
obligatoria,obligatoria,mandatory,1
obligatorio,obligatoria,mandatory,0
obligatorios,obligatoria,mandatory,0
obligatorias,obligatoria,mandatory,0
severo,sopa,stern,0
popa,sopa,stern,0
severa,sopa,stern,0
stern,sopa,stern,0
tarifas,pies,fees,0
tasas,pies,fees,0
honorarios,pies,fees,0
apostar,so,bet,0
apuesta,so,bet,0
bet,so,bet,0
apuesto,so,bet,0
monje,monjes,monks,0
monjes,monjes,monks,1
bailarinas,bailarinas,dancers,1
bailarines,bailarinas,dancers,0
cantidad,cuántiidad,quantity,0
inventores,inventor,inventor,0
inventor,inventor,inventor,1
cairo,,cairo,0
fosas,tumbas,graves,0
graves,tumbas,graves,0
tumba,tumbas,graves,0
tumbas,tumbas,graves,1
cercanía,cercanía,proximity,1
proximidad,cercanía,proximity,0
aparentemente,sparentemente,seemingly,0
sue,ss,sue,0
demandar,ss,sue,0
armamentos,armamentoo,armament,0
armamento,armamentoo,armament,0
barrera,ba,barrier,0
criaturas,criaturas,creatures,1
logan,logotipan,logan,0
erik,oigue,erik,0
erick,oigue,erik,0
leicester,,leicester,0
silencio,silencicia,silence,0
silenciar,silencicia,silence,0
jessica,,jessica,0
meseta,pltiplano,plateau,0
altiplano,pltiplano,plateau,0
finito,finita,finite,0
precedentes,precedenteo,precedent,0
precedente,precedenteo,precedent,0
walsh,pasee,walsh,0
zonas,zonas,zones,1
intensidad,intensidad,intensity,1
exteriores,exteriores,exterior,1
exterior,exteriores,exterior,0
homicidios,asesinas,murders,0
asesinatos,asesinas,murders,0
apartados,apartados,paragraphs,1
párrafos,apartados,paragraphs,0
disfraces,disfracea,costume,0
disfraz,disfracea,costume,0
traje,disfracea,costume,0
vestuario,disfracea,costume,0
bici,ba,bike,0
bicicletas,ba,bike,0
moto,ba,bike,0
bike,ba,bike,0
bicicleta,ba,bike,0
vecindarios,vecindarios,neighborhoods,1
barrios,vecindarios,neighborhoods,0
encarcelamiento,encarcelao,imprisonment,0
suffolk,,suffolk,0
delanteras,delanteros,forwards,0
delanteros,delanteros,forwards,1
notable,notabla,remarkable,0
difieren,diferr,differ,0
tin,oin,tin,0
hojalata,oin,tin,0
estaño,oin,tin,0
garcia,,garcia,0
garcía,,garcia,0
madagascar,,madagascar,0
camara,cámaras,cameras,0
cámaras,cámaras,cameras,1
municiones,municionea,ammunition,0
munición,municionea,ammunition,0
fuegos,incendios,fires,0
incendios,incendios,fires,1
visualización,vistndo,viewing,0
explorar,explora,explore,0
explore,explora,explore,0
explora,explora,explore,1
constructor,cono,builder,0
minneapolis,,minneapolis,0
ocurriendo,ocurrndo,occurring,0
balazo,balo,bullet,0
bala,balo,bullet,0
kerry,aizo,kerry,0
subte,stro,subway,0
subterráneo,stro,subway,0
metro,stro,subway,0
flecha,aa,arrow,0
arrow,aa,arrow,0
economistas,económicista,economist,0
economista,económicista,economist,0
pan,paa,bread,0
lou,anuestr,lou,0
estrategias,estrategis,strategies,0
goma,gomar,rubber,0
caucho,gomar,rubber,0
gomas,gomar,rubber,0
precisos,precisa,precise,0
preciso,precisa,precise,0
precisa,precisa,precise,1
fusil,fusils,rifles,0
fusiles,fusils,rifles,0
rifles,fusils,rifles,0
cognitiva,cognitiva,cognitive,1
cognitivas,cognitiva,cognitive,0
cognitivo,cognitiva,cognitive,0
gobernación,gobernadora,governorate,0
nido,ares,nest,0
nidos,ares,nest,0
slam,,slam,0
ascendencia,ascendencia,ancestry,1
portsmouth,eportesboca,portsmouth,0
miscellany,,miscellany,0
convencer,convenca,convince,0
convence,convenca,convince,0
audiencias,audiencias,audiences,1
público,audiencias,audiences,0
públicos,audiencias,audiences,0
embarque,tablerndo,boarding,0
abordar,tablerndo,boarding,0
abordaje,tablerndo,boarding,0
abordando,tablerndo,boarding,0
embarcar,tablerndo,boarding,0
lazos,lazos,bonds,1
bonos,lazos,bonds,0
joshua,,joshua,0
josué,,joshua,0
habitadas,habitado,inhabited,0
habitada,habitado,inhabited,0
habitado,habitado,inhabited,1
casey,estuchea,casey,0
atraen,atrao,attract,0
atrae,atrao,attract,0
atraiga,atrao,attract,0
atraer,atrao,attract,0
kilómetros,kilómetros,kilometres,1
bomba,pa,pump,0
alimentación,alimentarsndo,feeding,0
alimentando,alimentarsndo,feeding,0
alimentarse,alimentarsndo,feeding,0
presas,prea,prey,0
presa,prea,prey,0
ain,ain,ain,1
matemático,matemáticas,mathematician,0
diario,diario,diary,1
agenda,diario,diary,0
vulnerables,vulnerablea,vulnerable,0
vulnerable,vulnerablea,vulnerable,0
inscripción,inscripción,inscription,1
dubai,aubái,dubai,0
dubái,aubái,dubai,0
michelle,,michelle,0
libanesa,libanesa,lebanese,1
libanés,libanesa,lebanese,0
libaneses,libanesa,lebanese,0
líbano,libanesa,lebanese,0
productivo,productiva,productive,0
productivos,productiva,productive,0
productivas,productiva,productive,0
productiva,productiva,productive,1
guiada,guido,guided,0
guiados,guido,guided,0
guiado,guido,guided,0
sucediendo,pasndo,happening,0
ocurriendo,pasndo,happening,0
investigadora,investigador,researcher,0
investigador,investigador,researcher,1
della,,della,0
baden,insigna,baden,0
mejorado,mejordo,upgraded,0
demostración,aanifestación,demonstration,0
demostraciones,aanifestación,demonstration,0
manifestación,aanifestación,demonstration,0
igualdad,adad,equality,0
filósofos,filósofos,philosophers,1
trampa,orap,trap,0
clara,clarra,clara,0
invitación,invitación,invitation,1
marcado,marcndo,marking,0
marcación,marcndo,marking,0
pericia,peritaja,expertise,0
experiencia,peritaja,expertise,0
peritaje,peritaja,expertise,0
admisión,admisión,admission,1
sacramento,,sacramento,0
certificaciones,citulación,certification,0
titulación,citulación,certification,0
certificación,citulación,certification,0
precisamente,precismente,precisely,0
fundición,cada,casting,0
colada,cada,casting,0
casting,cada,casting,0
submarinos,submarinos,submarines,1
prohibida,prohibido,prohibited,0
prohibido,prohibido,prohibited,1
prohibidas,prohibido,prohibited,0
prohibidos,prohibido,prohibited,0
supuestamente,supuestamente,supposedly,1
gobernanza,gobernabilidaa,governance,0
gobernación,gobernabilidaa,governance,0
gobierno,gobernabilidaa,governance,0
gobernabilidad,gobernabilidaa,governance,0
sapo,do,frog,0
rana,do,frog,0
vago,imprecisa,vague,0
vagas,imprecisa,vague,0
vagos,imprecisa,vague,0
impreciso,imprecisa,vague,0
vaga,imprecisa,vague,0
aborda,abords,tackles,0
mhz,,mhz,0
secular,seculares,secular,0
seculares,seculares,secular,1
laico,seculares,secular,0
laica,seculares,secular,0
rastreando,oeguimiento,tracking,0
seguimiento,oeguimiento,tracking,0
rastreo,oeguimiento,tracking,0
balnearios,spa,spa,0
spa,spa,spa,1
balneario,spa,spa,0
publicidad,públicidad,publicity,0
blindados,blindaddo,armoured,0
blindado,blindaddo,armoured,0
despejado,clardo,cleared,0
aclarado,clardo,cleared,0
vatios,vatis,watts,0
watts,vatis,watts,0
gibraltar,,gibraltar,0
renovados,renovado,renewed,0
renovado,renovado,renewed,1
renovada,renovado,renewed,0
refleje,reflejs,reflects,0
reflexiona,reflejs,reflects,0
refleja,reflejs,reflects,0
fiebre,fc,fever,0
melody,melodía,melody,0
melodía,melodía,melody,1
partidario,apoyo,supporter,0
elaborado,elaborada,elaborate,0
elaborados,elaborada,elaborate,0
elaboradas,elaborada,elaborate,0
elaborada,elaborada,elaborate,1
jeffrey,,jeffrey,0
discute,discuts,discusses,0
apellidos,apellidos,surnames,1
inútiles,inútiles,useless,1
inútil,inútiles,useless,0
inservible,inútiles,useless,0
inutil,inútiles,useless,0
veloz,seloz,swift,0
swift,seloz,swift,0
martes,mara,tuesday,0
tonto,tontmente,silly,0
tonta,tontmente,silly,0
emperatriz,emapres,empress,0
capacidad,capacidades,capabilities,0
capacidades,capacidades,capabilities,1
newman,novedadmuch,newman,0
balanza,escalas,scales,0
escamas,escalas,scales,0
balanzas,escalas,scales,0
escalas,escalas,scales,1
beatles,golpeadales,beatles,0
clérigos,cla,clergy,0
clero,cla,clergy,0
jacksonville,,jacksonville,0
sara,dicra,sara,0
abeja,sa,bee,0
bee,sa,bee,0
titulares,titulars,holders,0
tenedores,titulars,holders,0
poseedores,titulars,holders,0
báltica,baa,baltic,0
báltico,baa,baltic,0
bálticos,baa,baltic,0
checoslovaquia,checoslovaquia,czechoslovakia,1
brandon,marcaón,brandon,0
cargada,cargado,loaded,0
cargados,cargado,loaded,0
cargadas,cargado,loaded,0
cargado,cargado,loaded,1
